1;[1082185, 856942, 995242, 940947, 1075074]
6;[1082185, 1037863, 840361, 1119051, 863447]
7;[1082185, 1122358, 1106523, 6944571, 1022003]
8;[1082185, 1133018, 1106523, 969932, 1005186]
9;[1029743, 1070820, 826249, 862799, 1082185]
13;[6534178, 1029743, 6544236, 995242, 923746]
14;[1029743, 981760, 1127758, 844165, 951590]
15;[1082185, 1070820, 1029743, 845208, 995242]
16;[12263788, 923149, 1035843, 866227, 981760]
17;[982989, 1082185, 896085, 857849, 944486]
18;[1082185, 6533889, 1116821, 826249, 948420]
19;[6534178, 962229, 1029743, 826249, 1044078]
20;[6534178, 1075368, 1126899, 949836, 6533765]
22;[6534178, 1082185, 1070820, 883003, 1104349]
23;[1075368, 1005274, 1029743, 981760, 1082185]
24;[1036501, 1106523, 999971, 844165, 1092026]
25;[1082185, 1029743, 1106523, 826249, 883404]
26;[1070015, 985119, 923746, 8119303, 849843]
27;[959409, 1102416, 7409957, 949616, 1068651]
28;[1005186, 854900, 940947, 1110843, 857554]
29;[1033615, 834833, 935284, 883404, 838602]
30;[1106523, 923746, 1055646, 1082185, 1127831]
31;[6534178, 1057260, 1062128, 1040807, 1126899]
32;[972569, 1003441, 1093359, 1055853, 1082185]
33;[1106523, 1096036, 920844, 983584, 1038663]
34;[844179, 1044078, 1123792, 883404, 879755]
35;[1126899, 1029743, 1058997, 908531, 6534030]
36;[1029743, 962229, 1082185, 995242, 1096317]
37;[6534178, 1067695, 1097001, 844165, 1056212]
39;[1082185, 1126899, 1127716, 923746, 882496]
40;[6534178, 903325, 1056651, 995242, 1082185]
41;[1082185, 909714, 981760, 1044805, 913210]
42;[1082185, 976998, 981760, 6602697, 953476]
43;[1120741, 844165, 874736, 962118, 1010190]
46;[995242, 1082185, 1029743, 857503, 981760]
47;[6533681, 1005186, 995242, 1110843, 1117393]
49;[6534178, 831808, 1014915, 1033846, 5569471]
52;[1082185, 6534178, 1053690, 1088393, 850795]
53;[6534178, 5569471, 1105623, 6034857, 1058997]
55;[844165, 849843, 995242, 883932, 863337]
56;[1056651, 1058997, 940947, 1068651, 1082185]
57;[6534178, 931108, 1133018, 861615, 1082185]
58;[6534178, 1082185, 1058997, 1106523, 995785]
59;[1082185, 981760, 957951, 845208, 995785]
63;[1125123, 10285106, 834117, 1068719, 925862]
64;[894236, 1111839, 976998, 1013928, 1082185]
65;[1029743, 1070820, 962229, 1082185, 1124729]
67;[6534178, 1082185, 971922, 833025, 1029743]
68;[6534178, 1085604, 1029743, 1037894, 9526563]
69;[951590, 1053763, 1044078, 1133018, 981760]
70;[1039156, 894236, 1075368, 1037840, 1130375]
71;[1056509, 1044078, 1029743, 899624, 1132280]
72;[1082185, 860776, 5585510, 862349, 8019681]
74;[1082185, 1005186, 1133018, 1063207, 981760]
75;[480014, 6534178, 397896, 1404121, 1388206]
76;[899682, 1058997, 1053690, 981760, 883404]
77;[1082185, 1106523, 1126899, 981760, 1003188]
78;[9573206, 849843, 1082185, 9420336, 8205218]
79;[6533889, 1082185, 1053690, 1070015, 1070820]
80;[6534178, 1082185, 995242, 1005186, 1023958]
81;[1029743, 844165, 995242, 999971, 1068719]
82;[880150, 1119761, 819308, 863447, 849202]
83;[1082185, 1005186, 923746, 1059902, 845208]
84;[1082185, 1080414, 1001646, 995242, 840361]
85;[983936, 995242, 1075368, 826249, 839094]
86;[1082185, 865026, 1029743, 854852, 951590]
87;[1048257, 845208, 962568, 1082185, 1037863]
88;[6534178, 1075368, 8090521, 883404, 893018]
91;[6534178, 1056651, 1029743, 1082185, 854483]
92;[1082185, 860776, 994928, 834484, 987838]
94;[6534178, 1005186, 1007136, 1110843, 1091365]
95;[1029743, 6533889, 6534178, 995242, 849843]
97;[6534178, 1082185, 995242, 1075368, 1096036]
98;[878302, 1134522, 1077975, 1065593, 942088]
99;[1082185, 1029743, 824073, 1013528, 995242]
101;[6534178, 6533765, 1106523, 1133018, 909894]
103;[1106523, 961846, 1089766, 883404, 1092026]
104;[1082185, 995242, 1029743, 1011300, 919534]
105;[1082185, 1005186, 1133018, 1139830, 1135868]
106;[6534178, 6533889, 1388206, 8090521, 993466]
108;[1082185, 1029743, 1070820, 968936, 995785]
109;[1082185, 1058997, 880150, 862682, 12731436]
110;[6534178, 1133018, 951590, 860975, 995785]
111;[1082185, 1133018, 1106523, 951412, 932179]
112;[6534178, 1011300, 1070820, 1005186, 6533765]
113;[6534178, 1082185, 1070820, 976199, 833458]
114;[1029743, 885697, 995242, 5568489, 1046689]
115;[6534178, 1082185, 908531, 983584, 1101010]
116;[1133018, 908531, 1013703, 1082185, 923746]
117;[1082185, 1056651, 862349, 854852, 901062]
118;[1082185, 1058997, 849843, 1048893, 935968]
119;[1029743, 1082185, 908531, 986912, 981760]
121;[6534178, 1029743, 1033615, 995785, 923746]
122;[839849, 962118, 5569230, 940947, 1017041]
123;[1126899, 1056509, 1029743, 896617, 844179]
124;[1037840, 1106523, 833025, 1133018, 1092026]
125;[6534178, 1029743, 995242, 844165, 890689]
127;[6534178, 1082185, 1044078, 1106523, 995242]
128;[1082185, 1051516, 1098248, 6534166, 1037863]
131;[1082185, 1029743, 981760, 821083, 923746]
132;[1082185, 1058997, 986912, 854852, 1043751]
133;[1082185, 995242, 1029743, 1133018, 1022254]
135;[926422, 830582, 862349, 1063207, 1005186]
136;[1106523, 5569230, 8090521, 1133018, 1029624]
138;[1082185, 1070820, 960318, 979566, 1122358]
139;[1082185, 879755, 1058997, 860776, 849843]
142;[1070015, 1074524, 1093966, 944466, 1065593]
143;[1106523, 1133018, 5569230, 1053690, 1029743]
144;[1106523, 879755, 986912, 883404, 925862]
145;[1082185, 839849, 1029743, 5569471, 871162]
147;[1133018, 908531, 1082172, 860975, 994928]
148;[995242, 5568489, 1082185, 1003487, 1029743]
149;[6534178, 1082185, 981760, 862349, 913210]
151;[916122, 1005186, 1029743, 1126899, 1079987]
152;[1082185, 1037332, 914190, 962568, 840361]
153;[822677, 8011397, 916767, 8011285, 8011282]
155;[1029743, 883404, 1098066, 979877, 995242]
156;[986394, 1080414, 1124729, 839147, 908531]
157;[962229, 1082185, 1058997, 840361, 6904925]
158;[862349, 909894, 7025106, 981760, 1070820]
159;[8205218, 923746, 994928, 1106523, 1096036]
160;[6534178, 1005186, 1110843, 1070820, 894236]
161;[868764, 871162, 9677202, 1123792, 976998]
162;[1122358, 1029743, 902856, 964521, 995785]
164;[1029743, 1075305, 13115493, 968932, 1058554]
165;[6534178, 1082185, 1070820, 862349, 994928]
166;[1106523, 1075368, 1029743, 951590, 1053690]
167;[1077143, 862799, 833724, 13945244, 1048257]
171;[987724, 908531, 1044078, 1053763, 6534178]
172;[6534178, 6533765, 1053690, 932298, 994928]
175;[1058997, 901452, 919644, 840361, 1106523]
177;[1126899, 1058997, 849843, 8203451, 1048563]
178;[1085604, 1056651, 972312, 1092026, 925258]
180;[1029743, 5569230, 1013928, 923746, 1106523]
182;[1133018, 962118, 1116578, 1043006, 849843]
183;[1106523, 993638, 8090440, 823862, 1125278]
184;[6534178, 896085, 1075368, 824005, 1056746]
185;[1029743, 1085604, 870428, 844165, 923746]
188;[1106523, 1033615, 849843, 985119, 1007191]
189;[986912, 1005186, 1110843, 1007136, 996156]
191;[914190, 1036347, 1002850, 1007082, 1031087]
192;[1029743, 5569230, 9835509, 1082212, 1002850]
193;[6534178, 1029743, 983584, 6533765, 908531]
194;[854852, 951412, 6391381, 1082185, 995785]
195;[6534178, 1082185, 1029743, 995242, 908531]
196;[1106523, 6534178, 826249, 1101173, 962229]
197;[1126899, 1082185, 997988, 9881593, 963835]
198;[1085604, 1029743, 883404, 870547, 1106523]
199;[948420, 859237, 986912, 995242, 861272]
200;[1037894, 1138189, 1085604, 863802, 822677]
201;[1082185, 1108168, 5569327, 1138292, 6034857]
203;[1082990, 1029743, 849843, 5569471, 1070820]
204;[6034857, 923670, 923746, 979707, 1082185]
205;[1082185, 1106523, 1026118, 981760, 1028816]
207;[1138189, 834484, 995785, 878996, 1081177]
208;[6534178, 1055425, 1082185, 981760, 1040781]
209;[6534178, 6533765, 849843, 923746, 1029743]
210;[1082185, 860776, 879755, 1034134, 1106523]
211;[1082185, 962229, 1133018, 1055646, 972312]
212;[1082185, 995242, 1081189, 1029743, 860776]
214;[1082185, 838258, 872729, 896444, 1093359]
215;[1082185, 895540, 6534178, 5587837, 1404121]
216;[866227, 6533936, 1128812, 1039156, 1040807]
217;[6534178, 1082185, 895930, 834484, 1029743]
218;[6534178, 965772, 6544236, 1097001, 894439]
219;[1082185, 981760, 862349, 1127831, 1076580]
220;[5590287, 5584007, 5585735, 995242, 5584808]
221;[1133018, 849843, 883404, 867188, 981760]
222;[1082185, 5589247, 901403, 999779, 860776]
223;[1029743, 879755, 986912, 993638, 883404]
224;[1106523, 1133018, 1089021, 883404, 5569230]
225;[1029743, 1133018, 911812, 1065593, 1110244]
226;[1029743, 967762, 995242, 909894, 932503]
227;[5585186, 5578494, 1116578, 908531, 919644]
228;[6534178, 1082185, 866227, 860776, 1095275]
230;[6534178, 1029743, 820560, 883404, 913210]
232;[6534178, 6533765, 995242, 1029743, 923746]
233;[1029743, 1122568, 995242, 1131488, 1082185]
235;[983584, 862732, 1082185, 1070820, 908531]
236;[1014948, 1126899, 822677, 866227, 914190]
238;[1102416, 948670, 1106523, 1067749, 868764]
239;[1133018, 1082185, 857849, 870980, 1120741]
242;[1029743, 1082185, 849843, 865156, 995785]
243;[6534178, 1126899, 860776, 1116821, 6034857]
244;[1082185, 866211, 1127831, 824005, 883003]
245;[6534178, 995242, 981760, 908531, 1404121]
246;[1070820, 862349, 1048472, 866140, 849843]
247;[1082185, 1133018, 1077555, 986912, 995785]
248;[1029743, 1126899, 1082185, 913210, 840361]
249;[1053690, 883404, 1029743, 995242, 833025]
250;[844165, 1076875, 1056509, 1029743, 951590]
251;[1070820, 1040807, 995242, 883404, 1029743]
253;[951590, 1106523, 923746, 9527487, 1062966]
254;[1106523, 859237, 862535, 9573206, 1014948]
255;[5569230, 1082212, 1029743, 1115576, 1006878]
256;[862349, 873627, 913490, 1017195, 1101706]
257;[1070015, 1033615, 1106523, 883404, 834833]
258;[1120741, 995242, 862349, 1082185, 919644]
259;[881154, 8090537, 1082185, 10285141, 879755]
260;[1028816, 860776, 1082185, 1081177, 921836]
262;[1058997, 1101010, 1124971, 1040807, 971922]
263;[1029743, 1082185, 995242, 1044078, 1005186]
267;[1101771, 935393, 900610, 1106523, 844165]
269;[1069714, 962229, 981760, 1082185, 899624]
271;[986912, 844179, 1137775, 1044078, 993638]
273;[1053690, 840601, 883404, 834103, 6979579]
275;[6534178, 1106523, 918638, 1082185, 849843]
276;[995242, 1058930, 1089766, 847982, 944534]
277;[1029743, 985911, 826249, 1053690, 1128900]
278;[999971, 1098066, 1116578, 883404, 1138292]
279;[6534178, 1070015, 1029743, 1082185, 994928]
280;[6534178, 1106523, 12731544, 844179, 1044078]
281;[1082185, 1070820, 854852, 862349, 995785]
282;[6534178, 1082185, 995785, 923746, 916122]
283;[1082185, 1070820, 862349, 940947, 826249]
285;[849843, 995242, 1082185, 923746, 981760]
286;[1082185, 997309, 866211, 966684, 825541]
287;[6534178, 1106523, 981760, 1133018, 855468]
288;[6534178, 1082185, 1070820, 932179, 834484]
289;[6533889, 1082185, 981760, 5586642, 961554]
290;[962229, 995242, 873964, 866950, 1108168]
291;[1113588, 1012873, 1106523, 911311, 1039589]
292;[1015247, 1043920, 8090521, 9420312, 951590]
293;[981760, 995785, 1082185, 1034686, 824005]
294;[1106523, 1133018, 908531, 866227, 983584]
297;[1075368, 908531, 883404, 995242, 844165]
300;[1106523, 962229, 1029743, 835618, 923746]
301;[1082185, 5565322, 1029743, 898510, 886481]
302;[5569327, 1027168, 1070820, 10344586, 1124729]
303;[6534178, 1082185, 995242, 951590, 866227]
304;[6534178, 1029743, 868764, 1082185, 873627]
305;[1139184, 885290, 995242, 1110244, 1044089]
306;[6534178, 883404, 1056509, 1029743, 961554]
307;[6534178, 1027874, 916767, 1019637, 822677]
308;[6534178, 1110572, 1043787, 963835, 862010]
311;[1106523, 1005186, 1091365, 1110843, 1063207]
314;[1082185, 1124674, 820486, 1107089, 1058997]
316;[1044078, 995242, 1058997, 995785, 885290]
317;[1029743, 983584, 951590, 844179, 913278]
318;[1106523, 5569230, 1133018, 962229, 914190]
319;[6534178, 1106523, 860776, 961554, 1082185]
320;[1078346, 1054402, 914190, 934369, 8090521]
321;[1082185, 1126899, 905436, 1058997, 944836]
322;[1082185, 862349, 1070820, 923746, 1040807]
324;[6534178, 1082185, 1070820, 1057260, 901062]
325;[1029743, 995242, 909894, 922907, 1053690]
326;[1137346, 1090931, 8090521, 874736, 870980]
328;[1070820, 885290, 821083, 1028816, 1082185]
329;[901062, 1082185, 1005186, 1081189, 1095275]
331;[1029743, 1070820, 844165, 833724, 981760]
332;[1082185, 1070820, 1029743, 862349, 995242]
334;[1082185, 826144, 1139830, 1029743, 1009449]
335;[1082185, 1032549, 1075368, 834484, 1106523]
338;[1082185, 1026118, 1028816, 860776, 1051516]
339;[1106523, 1133018, 1082172, 1015247, 988693]
342;[1029743, 832678, 899624, 970792, 883404]
343;[995242, 923746, 844165, 1092588, 926646]
345;[6602697, 1082185, 855356, 1124507, 1029743]
346;[1082185, 1101010, 1037863, 981760, 1029743]
348;[1096036, 883404, 899624, 981760, 1025611]
349;[1126899, 1106523, 1029743, 1011300, 981760]
350;[6534178, 1085604, 1106523, 1091365, 834103]
351;[1082185, 894439, 1133018, 951590, 1106523]
353;[1022254, 1082185, 1119051, 839656, 979707]
354;[951590, 916122, 1050851, 1133018, 1098066]
356;[916767, 995242, 1049735, 1029743, 1113588]
357;[1082185, 1126899, 1122358, 840361, 1058997]
358;[1106523, 5569230, 949294, 5568489, 981760]
360;[1073150, 903931, 863802, 1045220, 1085476]
361;[1082185, 900770, 1044078, 826249, 1056509]
362;[923746, 866227, 1126045, 981760, 1082185]
365;[6534178, 1082185, 1062128, 1132771, 1136719]
367;[1082185, 1070820, 839849, 862349, 961554]
368;[6533936, 1083446, 1029743, 908531, 983584]
371;[1082185, 1029743, 1033846, 5590287, 924610]
374;[6534178, 879755, 1029743, 1082185, 1108094]
375;[1029743, 914190, 1044895, 1132280, 1106523]
376;[1033615, 834833, 849843, 1026346, 959409]
377;[1082185, 1126899, 1029743, 994223, 995785]
378;[1005186, 1082185, 8119093, 866227, 962568]
380;[1098284, 951590, 965766, 1106523, 826249]
381;[1075368, 1029743, 883404, 995242, 1082185]
382;[999250, 1139830, 823862, 1125278, 961979]
384;[1082185, 1126899, 8019977, 976998, 960318]
385;[1087102, 1082185, 1057260, 883404, 6034857]
386;[1133018, 839094, 883404, 1095275, 1029743]
387;[1126899, 1082185, 1058997, 933835, 1046756]
388;[839849, 849843, 1029504, 1029743, 6534178]
389;[1082185, 1126899, 9835509, 10344585, 921836]
390;[995242, 951590, 1029743, 844165, 993638]
392;[1133018, 1028473, 12263788, 1082185, 903325]
393;[1029743, 972312, 995242, 999971, 961846]
394;[1029743, 1082185, 986912, 1133018, 834484]
395;[1053690, 995242, 1029743, 925514, 949616]
396;[834103, 1009449, 1082185, 1075368, 961554]
397;[6534178, 1126899, 13842214, 892573, 1087102]
398;[6534178, 1029743, 1053690, 1092026, 995242]
400;[6533889, 1029743, 1082185, 5567702, 883404]
401;[1081189, 895540, 1007191, 965766, 856060]
402;[13842090, 13842214, 926422, 1110843, 1007136]
403;[880150, 863447, 944534, 1130375, 995242]
404;[6534178, 1092588, 992986, 1110142, 888275]
405;[1039156, 1101010, 860776, 1082185, 834484]
406;[6534178, 1082185, 1070015, 1029743, 1033142]
408;[1082185, 1029743, 849843, 862799, 899624]
409;[6534178, 1082185, 1070820, 862349, 1022003]
410;[866227, 995242, 909894, 819308, 1044078]
411;[1106523, 951590, 1082185, 923746, 1011300]
412;[1005186, 866227, 995242, 1095275, 849098]
413;[6534178, 1082185, 986912, 1106523, 970160]
414;[1029743, 1082212, 940947, 1077143, 1106523]
415;[1007191, 1077490, 1002739, 911812, 970119]
417;[1082185, 1029743, 883404, 995242, 1055504]
418;[6534178, 1029743, 1082185, 12263788, 1003188]
419;[1029743, 995242, 5569230, 1102416, 5567702]
421;[6534178, 981760, 862349, 1029743, 923746]
424;[1082185, 833724, 872137, 883404, 953180]
425;[883404, 923746, 988572, 1106523, 877447]
426;[6534178, 1082185, 1005186, 899682, 908531]
427;[1082185, 1029743, 989101, 1009449, 860776]
430;[1029743, 5569230, 962229, 953476, 908531]
431;[1070820, 913210, 951590, 1092937, 995242]
432;[955043, 882441, 1015247, 1029743, 995242]
433;[1106523, 1082185, 998373, 1089392, 923746]
434;[1039781, 1081189, 934639, 845109, 1022003]
435;[1053690, 5569230, 5569471, 1082185, 1004906]
436;[1029743, 847982, 1106523, 962568, 1082185]
437;[6534178, 1082185, 995242, 962229, 1101010]
438;[1070820, 951590, 9881593, 1014802, 1082185]
439;[1037840, 1033142, 1388206, 1082185, 1031316]
441;[1082185, 1124971, 1038985, 933835, 1123792]
442;[6534178, 1082185, 1110843, 1091365, 879755]
443;[1057260, 8011397, 981760, 862349, 9396705]
445;[1126899, 908531, 1137346, 8090521, 1037840]
447;[1029743, 1057260, 995242, 849843, 983584]
448;[1138443, 6534178, 1132771, 6463717, 1082185]
449;[6534178, 1029743, 995242, 1048462, 1053690]
450;[13842214, 13842090, 1038217, 912146, 995242]
451;[1082185, 1109014, 1070820, 860776, 1029743]
454;[1029743, 995242, 981760, 908531, 1082185]
456;[862349, 5569845, 8090536, 883404, 1108094]
457;[1029743, 883404, 995242, 1082185, 1005186]
458;[849843, 1058997, 1023958, 1126899, 1082185]
459;[972312, 1039682, 854852, 995785, 979707]
460;[1082185, 993466, 1106523, 1098248, 1081177]
461;[1029743, 995242, 916122, 1082185, 1004906]
462;[995242, 908531, 1082185, 1029743, 840361]
463;[6534166, 1106523, 1051516, 1082185, 1046689]
464;[995242, 1082185, 1029743, 923746, 6534178]
466;[1068719, 1025611, 1082185, 1072523, 952163]
467;[1106523, 1082185, 849843, 834484, 848071]
468;[1026346, 8119303, 1098284, 1106523, 883404]
469;[1082185, 6534178, 932006, 1070820, 862349]
470;[840601, 886803, 995242, 1075315, 906502]
473;[6534178, 1029743, 1056509, 1122358, 1082185]
474;[1029743, 1053690, 5585966, 6773238, 981760]
475;[1029743, 1082185, 995242, 908531, 981760]
476;[1124729, 925514, 843304, 1106523, 844179]
479;[1063207, 1085604, 1005186, 1106523, 962229]
480;[6534178, 1082185, 840361, 995785, 862349]
481;[1126899, 1100368, 951590, 1007269, 923746]
483;[1106523, 1118533, 1015247, 12695224, 1068719]
484;[1027874, 1110843, 915621, 1050851, 1013321]
485;[6534178, 1029743, 845193, 995242, 1082185]
486;[397896, 6534178, 1082185, 1106523, 1004906]
487;[1092264, 912112, 866227, 983078, 862682]
489;[6534178, 1082185, 986912, 981760, 1022254]
490;[5569471, 1075368, 5569845, 1011300, 944317]
491;[6534178, 1055504, 1126899, 1082185, 903325]
493;[6534178, 995242, 947267, 911812, 873627]
495;[883404, 1029743, 923746, 1106523, 1056509]
496;[1082185, 999270, 860776, 823990, 1106523]
497;[1070820, 9707137, 862349, 1082185, 7410215]
498;[1106523, 1028891, 856060, 12263234, 908531]
501;[965766, 1005186, 932949, 952254, 986912]
502;[1029743, 1070015, 849843, 981760, 923746]
503;[1082185, 1073150, 1070820, 8090536, 895540]
505;[1010190, 1132770, 908064, 1135681, 6395907]
506;[1082185, 1081189, 861272, 843346, 827570]
507;[1036501, 857554, 866227, 1127716, 1014948]
510;[6534178, 1036501, 862349, 1082185, 1073150]
511;[6534178, 6533765, 879755, 1029743, 995242]
513;[865026, 1132771, 1018740, 844179, 1093413]
514;[1082185, 1110843, 820165, 1007136, 995785]
515;[1082185, 1106523, 8090521, 927191, 1133018]
517;[1126899, 840361, 1082185, 834484, 1003600]
518;[862732, 995242, 844165, 1075368, 908531]
519;[1029743, 1039156, 995242, 834484, 1082185]
520;[1106523, 883404, 1133018, 8090537, 981760]
521;[8090440, 1106523, 1053690, 823862, 1056212]
523;[6534178, 1082185, 1056651, 1110572, 1005186]
524;[1133018, 1106523, 923746, 981760, 995242]
525;[1101010, 883003, 1040807, 1388206, 824305]
526;[6534178, 1029743, 5569230, 1101173, 1044078]
527;[1131321, 933835, 1046584, 1101010, 1059308]
528;[1058997, 914190, 1082185, 5585510, 1121393]
530;[860776, 862349, 1124729, 976199, 840361]
534;[927191, 874058, 926422, 995242, 839849]
536;[883404, 1029743, 1082185, 5568378, 1004906]
537;[1057260, 1065538, 840361, 1072523, 845193]
538;[1070820, 1082212, 1082185, 870780, 1129671]
539;[6534178, 1082185, 909894, 860975, 1058997]
540;[1082185, 6534178, 860776, 1000237, 6391381]
541;[6534178, 1106523, 6534166, 6533765, 899624]
542;[6534178, 1106523, 849843, 844165, 1133018]
543;[820486, 1100410, 989409, 1026712, 9527223]
544;[1085604, 1110572, 7167218, 9527158, 908531]
545;[1082185, 1070076, 1040807, 986912, 995785]
548;[1082185, 1001333, 824073, 995242, 923746]
551;[995242, 1022254, 1058997, 1082185, 1029743]
553;[1030362, 1036501, 951590, 1037332, 995242]
554;[1106523, 867188, 1082185, 1070820, 1065593]
557;[1126899, 819330, 5569471, 13842090, 1082185]
558;[1106523, 1048462, 994928, 870547, 1044078]
560;[6534178, 1029743, 995242, 1082185, 999104]
561;[1082185, 860776, 944137, 932179, 1000753]
562;[1029743, 995242, 1110843, 832678, 1007136]
564;[1033142, 1082185, 995785, 916381, 1058997]
567;[1070015, 1044078, 1076875, 986912, 1089766]
568;[1106523, 999971, 985119, 865330, 1083787]
569;[1029743, 1082185, 1028473, 1062128, 1092303]
573;[1106523, 1029743, 849843, 8090521, 1075315]
574;[908531, 914754, 1082185, 1029743, 995242]
575;[1082185, 1126310, 862349, 1049735, 6534178]
577;[1110244, 1082185, 951590, 1056509, 885697]
578;[1006483, 865705, 854405, 995242, 8090521]
579;[948670, 977374, 852856, 910291, 1091365]
580;[1056509, 981760, 909894, 948232, 1030819]
581;[908531, 1126899, 1082185, 983584, 1070820]
582;[6534178, 862349, 1082185, 5569230, 1021324]
583;[1120741, 1053690, 1037840, 1021324, 995242]
585;[1126899, 1058997, 1036501, 1053690, 5568072]
586;[6534178, 1029743, 995242, 1053690, 980666]
587;[863449, 1082185, 1106523, 1080414, 911470]
588;[6534178, 951590, 1106523, 1050851, 1053690]
590;[1053690, 1106523, 1065593, 923746, 916122]
591;[1106523, 933067, 981760, 935126, 1053690]
592;[1070820, 1029743, 862349, 5592094, 5569230]
593;[1106523, 921288, 1133018, 1065593, 1015247]
594;[1106523, 8090537, 1133018, 995242, 1082185]
595;[1107553, 1029743, 922561, 883404, 1106523]
596;[8090537, 1106523, 8090521, 1025581, 834484]
597;[1082185, 995242, 849843, 1106301, 981760]
598;[6534178, 981760, 965766, 6533765, 8090532]
600;[6534178, 1029743, 5569230, 995242, 991592]
601;[6534178, 1126899, 1082185, 883404, 854405]
602;[6534178, 1029743, 874736, 844165, 995916]
603;[1070015, 1106523, 9527487, 1053763, 994928]
604;[1082185, 914577, 862349, 986912, 5569374]
605;[6534178, 965772, 993441, 1082185, 931672]
606;[1029743, 849843, 840361, 845208, 995242]
608;[1106523, 1038462, 1039156, 1013928, 1082185]
609;[6534178, 1133018, 1005186, 1110572, 1110843]
611;[6534166, 1029743, 1128900, 822677, 8090546]
612;[6534178, 1029743, 995242, 1065593, 943233]
614;[1082185, 840361, 860776, 1029743, 889618]
615;[995242, 13008334, 1007512, 986912, 1082185]
617;[860776, 1070820, 10345155, 995785, 1082185]
618;[6534178, 1106523, 1015247, 1082185, 986912]
621;[1112825, 1132771, 893501, 13506200, 1013999]
622;[883404, 1106523, 965766, 844165, 986912]
623;[1029743, 826249, 995242, 999971, 908531]
624;[6534178, 1106523, 1133018, 849843, 1062966]
625;[1082185, 995242, 933835, 951590, 8203451]
627;[954642, 964327, 899580, 840361, 866227]
628;[1029743, 1101173, 1082212, 1106523, 5569230]
630;[6534178, 1082185, 1070820, 862349, 962568]
631;[6534178, 1082185, 995242, 878445, 899682]
632;[1029743, 1057260, 916122, 995242, 1070820]
633;[6534178, 1082185, 9677202, 8119303, 1133018]
635;[1082185, 854852, 1106523, 970160, 1026118]
636;[912681, 1015247, 1096036, 5590613, 1133018]
637;[926905, 1037840, 1085604, 833025, 1100972]
638;[6534178, 1082185, 1029743, 1119051, 1016709]
641;[1070820, 1126899, 862349, 1104349, 860776]
643;[1082185, 995242, 1037340, 1029743, 1114597]
644;[1077975, 1082185, 821083, 964327, 899580]
647;[6534178, 951590, 1029743, 1043751, 8090536]
648;[903325, 1119051, 995785, 1033220, 1082185]
650;[6463717, 981760, 1053690, 988693, 883404]
652;[866227, 883404, 832678, 995242, 844165]
653;[6534178, 995242, 951590, 1037840, 839849]
654;[1082185, 995242, 1077555, 937413, 9571047]
655;[1068651, 6534178, 995242, 1070015, 6533765]
656;[1106523, 1082185, 951590, 923746, 5569230]
658;[995242, 1070015, 1029743, 1068719, 883404]
659;[1076875, 1069522, 904236, 1133018, 12810393]
660;[1126899, 1043787, 953561, 904236, 862010]
661;[1110572, 995242, 1004596, 1138292, 904813]
662;[883404, 983584, 995242, 1070272, 866227]
663;[1082185, 908531, 6534178, 1085604, 1037894]
664;[1082185, 1133018, 1106523, 891393, 1022003]
665;[1071171, 1033615, 1098066, 948670, 1036432]
666;[1133018, 1043590, 1089066, 1106523, 883404]
667;[995242, 860975, 1082185, 1133018, 849843]
668;[1058997, 1005186, 923746, 839849, 994928]
669;[1082185, 1126899, 6534178, 981760, 1098844]
670;[6534178, 1029743, 1082185, 995242, 870780]
671;[6534178, 995242, 1029743, 951590, 908531]
672;[849843, 908531, 1082185, 995785, 862349]
673;[1106523, 1033615, 883404, 951590, 1029743]
674;[1029743, 826249, 940766, 1082185, 995785]
675;[6534178, 6533765, 1133018, 910673, 981760]
676;[1085604, 1102959, 1107553, 951590, 1124729]
679;[1082185, 925514, 973861, 8090521, 839147]
680;[995242, 908213, 873627, 930917, 1033615]
681;[850102, 856252, 967461, 890695, 982360]
684;[1133018, 1106523, 849843, 1082185, 995785]
685;[1015539, 1097398, 1050851, 13115493, 864143]
686;[1082185, 1132770, 845208, 989101, 6034857]
687;[951590, 1029743, 8090521, 916122, 5569230]
690;[1082185, 883404, 849843, 1037840, 1029743]
692;[6534178, 894236, 1082185, 862349, 840361]
693;[1029743, 1044188, 1087102, 1104349, 962229]
694;[1029743, 1037840, 844165, 893501, 883404]
695;[6534178, 1029743, 1039156, 981760, 1070015]
696;[6534178, 1082185, 1126899, 1057260, 923746]
697;[1070820, 1057260, 1106271, 923746, 1087102]
698;[1005186, 879755, 1022872, 844165, 840361]
699;[6534178, 962229, 1404121, 1058930, 1043751]
700;[844179, 1044078, 874972, 1068292, 835300]
701;[847982, 835098, 1106523, 944137, 981760]
702;[6534178, 1082185, 984677, 1075305, 1029743]
703;[6534178, 1404121, 995242, 901776, 1058997]
705;[912112, 1106523, 824073, 1029743, 995242]
706;[6534178, 1029743, 995242, 834117, 1053690]
707;[6534178, 1029743, 6533889, 923746, 7025114]
708;[1029743, 1082185, 910439, 995242, 995785]
709;[1085604, 879755, 1120741, 992622, 961554]
710;[1106523, 6534178, 960318, 1110572, 981760]
711;[1030362, 983584, 839147, 1037840, 1029743]
712;[1082185, 1070820, 6534178, 904833, 860776]
713;[1029743, 849843, 6773230, 962229, 7409957]
714;[1082185, 1058997, 1126899, 1015247, 819765]
715;[1022872, 1087102, 1093413, 949616, 1033615]
716;[1082185, 1058997, 1126899, 1127831, 1026118]
717;[861445, 986912, 1087102, 1102959, 1068719]
718;[6534178, 1029743, 1092026, 944486, 1082185]
719;[933835, 1106523, 895930, 1082185, 819978]
720;[1056212, 895268, 1055504, 863447, 1026118]
721;[1126899, 1058997, 1107553, 1011300, 840361]
722;[1082185, 1133018, 1003441, 997506, 6533889]
723;[1082185, 862349, 860776, 968936, 909268]
724;[1082185, 1062002, 1105623, 844179, 986947]
725;[1106523, 883404, 893501, 1038217, 1126899]
726;[995242, 1081189, 1024731, 912004, 1136666]
727;[1106523, 923746, 935126, 1038663, 830795]
728;[1070015, 1029743, 1069039, 900770, 995242]
729;[1082185, 866227, 844179, 962568, 916122]
730;[1126899, 1058997, 909894, 1122358, 849843]
731;[6534178, 1029743, 1107553, 995242, 908531]
732;[1082185, 6534178, 893501, 856345, 1070820]
733;[966891, 5569471, 1034837, 899580, 906502]
734;[995242, 6534166, 1082185, 970160, 1070702]
735;[1106523, 981760, 1082185, 1072523, 839147]
736;[1082185, 1029743, 1053690, 5995692, 840361]
737;[1082185, 1058997, 847270, 834484, 6534178]
740;[1051516, 995242, 1089392, 986947, 1099945]
741;[6534178, 840361, 857849, 1109598, 1082185]
742;[1120741, 870980, 1106523, 879755, 955043]
743;[1106523, 1070820, 1007191, 1053763, 1122358]
744;[6534178, 1082185, 862349, 903325, 840361]
745;[1082185, 8203451, 1077975, 854852, 854754]
747;[1058997, 908531, 852317, 1120741, 909894]
750;[834833, 883404, 844165, 900370, 1088835]
751;[879755, 1027168, 995242, 1070015, 883404]
752;[1082185, 986912, 1005186, 1133018, 840361]
753;[1082185, 847207, 1053690, 981760, 995242]
754;[1082185, 1036347, 986947, 1058997, 860776]
755;[6534178, 862349, 1082185, 1058997, 971922]
756;[1029743, 883404, 995242, 1082185, 826249]
757;[5569471, 909894, 1133018, 962229, 1039156]
758;[916990, 879755, 1098066, 923559, 10345155]
759;[1082185, 986912, 1005186, 1091365, 860776]
761;[6534178, 1106523, 1082185, 1029743, 995242]
762;[1091365, 1011300, 1005186, 986912, 1063207]
764;[6534178, 1082185, 995242, 1029743, 981760]
765;[6534178, 982790, 1132280, 910673, 949965]
766;[901062, 1082185, 1059891, 995785, 862349]
767;[862349, 1053690, 995242, 840361, 1076875]
768;[6534178, 1029743, 1026712, 1126310, 860890]
769;[1082185, 1029743, 989101, 1106523, 953476]
770;[6534178, 1029743, 5569230, 962229, 995242]
771;[1068651, 968936, 953476, 868764, 834484]
772;[1082185, 1011645, 962568, 1033142, 979707]
773;[1082185, 835973, 909714, 995785, 860776]
776;[1029743, 1085604, 1082185, 883404, 971165]
777;[6544236, 1070820, 947654, 857503, 6533608]
779;[1057260, 6533362, 821083, 5569230, 1009187]
781;[912681, 926065, 904813, 854405, 871061]
782;[1106523, 5568378, 1033615, 1070015, 8090521]
784;[6534178, 939442, 1082185, 921288, 912681]
785;[6534178, 1121624, 1051516, 1082185, 1037332]
786;[972665, 1106523, 5569230, 1082185, 981760]
787;[1039156, 894236, 1082185, 1082212, 862349]
788;[6534178, 6533765, 996425, 849843, 1043590]
789;[883003, 922561, 1005186, 1082185, 981760]
790;[1070015, 1029743, 9881592, 844839, 1043494]
793;[995242, 1133018, 1029743, 1106523, 981760]
794;[1126899, 865026, 995242, 1058997, 1029743]
796;[1082185, 969866, 862349, 908531, 923746]
797;[1029743, 5569471, 1062128, 994223, 986912]
798;[5572828, 6534178, 1058997, 824073, 994928]
799;[1082185, 1058997, 1126899, 970119, 928754]
800;[9677202, 1005583, 9677236, 995965, 995242]
801;[1029743, 981760, 873178, 1009449, 1053690]
802;[1106523, 908531, 983584, 1082185, 1041796]
803;[1082185, 1106523, 995785, 840361, 969866]
804;[1053690, 1029743, 883404, 1092026, 844165]
805;[6534178, 923746, 870547, 844165, 899624]
806;[1029743, 1082185, 1056212, 5590287, 1082212]
807;[6534178, 1029743, 896444, 908531, 838186]
808;[6534178, 1029743, 1082185, 1109408, 879755]
809;[926422, 1005186, 862349, 1091365, 1110843]
811;[1029743, 849843, 847982, 995242, 1082185]
812;[879755, 1029743, 885290, 844165, 923746]
813;[860776, 1050851, 1082185, 6534030, 903325]
814;[961791, 854405, 883404, 5568378, 825365]
816;[1082185, 995242, 1029743, 883404, 1075368]
817;[1070820, 1082185, 981760, 1092588, 856345]
818;[6544236, 1029743, 6534178, 893501, 849843]
820;[849843, 1106523, 947798, 8090509, 1029743]
823;[6534178, 1120741, 920308, 882441, 1106523]
824;[1106523, 1046689, 962229, 1106301, 923746]
825;[1082185, 6533889, 1058997, 843756, 913210]
826;[970792, 864143, 995242, 934399, 951590]
829;[1101010, 995242, 1132771, 1082185, 1137775]
831;[951590, 995242, 957736, 916122, 1069003]
836;[851287, 999581, 916993, 1073150, 877358]
838;[1044078, 844179, 908531, 833025, 1133018]
840;[1029743, 1082185, 883404, 1112238, 1117393]
841;[908531, 1106523, 1133018, 883404, 1044078]
842;[6534178, 6533765, 999971, 844165, 1029743]
843;[999971, 883404, 1106523, 940700, 1081177]
844;[1082185, 5566472, 862349, 995242, 1127831]
845;[1058997, 1082185, 861272, 885290, 6533362]
846;[1133018, 8090521, 1082185, 1004906, 995242]
847;[6534178, 1082185, 1005274, 995242, 1404121]
849;[1082185, 1058997, 1028816, 979707, 1041259]
850;[995242, 1128900, 878445, 871162, 923746]
852;[1082185, 1126899, 1106523, 1058997, 1022254]
853;[6534178, 6602729, 1085476, 12171656, 975938]
854;[911812, 899624, 1123792, 931532, 1082185]
855;[1029743, 1005186, 916993, 1082185, 963868]
856;[6534178, 995242, 994928, 990797, 1082185]
857;[868548, 5569230, 1082185, 885290, 935126]
858;[1070820, 967762, 910473, 873627, 1092026]
859;[1075368, 5569230, 5569471, 951590, 1082185]
862;[1103629, 1029743, 953476, 987562, 9420312]
863;[6534178, 1029743, 995242, 5569135, 916122]
864;[1029743, 1101010, 883404, 8090521, 1096036]
865;[6534178, 1106523, 899624, 1046545, 823990]
866;[6534178, 1106523, 962229, 999971, 1044078]
867;[6534178, 983584, 1106523, 1133018, 908531]
868;[6534178, 1082185, 5569471, 995242, 856942]
869;[5592931, 826249, 1133018, 923746, 896672]
871;[1082185, 866211, 834117, 995242, 923746]
873;[6534178, 1033615, 1029743, 834833, 985119]
875;[1082185, 1126899, 1058997, 1124729, 845208]
876;[6534178, 849843, 826249, 916993, 840361]
877;[1082185, 1126899, 981760, 1058997, 8011397]
878;[1106523, 947798, 951590, 1133018, 1033615]
879;[6534178, 6424447, 949836, 1029504, 862682]
880;[1106271, 833025, 8090513, 1077851, 955370]
882;[1029743, 1106523, 957063, 8090521, 1053690]
883;[1082185, 6534166, 6533889, 874149, 1005274]
885;[1106523, 951590, 1127624, 923746, 1006483]
886;[6534178, 868764, 914077, 1070820, 1029743]
887;[1130716, 1133018, 981760, 1111839, 950894]
888;[1082185, 961554, 1003188, 911470, 883404]
889;[6534178, 1082185, 1070820, 849843, 921554]
891;[866211, 825541, 1133018, 951190, 861445]
893;[1106523, 1100972, 872137, 1022843, 5590613]
894;[1082185, 860776, 1051516, 834484, 6034857]
895;[6534178, 1082185, 868888, 1081189, 866211]
896;[908531, 1101010, 913210, 1126899, 866227]
897;[1039156, 1070820, 5569374, 1029743, 1126899]
898;[6534178, 1028816, 834484, 1057260, 824005]
900;[6534178, 890536, 986912, 1133018, 1126045]
901;[1082185, 923746, 962229, 899624, 922561]
904;[1082185, 1106523, 891505, 995785, 979707]
905;[910473, 860248, 908489, 952981, 981760]
906;[6533889, 860703, 6773204, 1082185, 1005186]
907;[986912, 1082185, 1077143, 1092588, 840361]
908;[6534178, 1057260, 1070820, 862349, 1082185]
909;[1082185, 1029743, 995242, 976199, 1103556]
910;[1005186, 5582712, 1085604, 995242, 827656]
911;[1082185, 820165, 903325, 901062, 7466806]
913;[1070820, 1029743, 994223, 824758, 1134810]
914;[1110843, 1005186, 1073150, 1029743, 1063207]
915;[1043006, 1057260, 910439, 880150, 1132770]
916;[6534178, 480014, 1058997, 5584027, 1054945]
919;[882441, 1128647, 991379, 917277, 6773215]
920;[6534178, 1106523, 1092026, 1133018, 1097001]
922;[6534178, 1082185, 1058997, 1126899, 834484]
923;[6534178, 6533765, 1106523, 1082185, 1029743]
924;[1029743, 951590, 995242, 1048462, 1075470]
925;[1082185, 862349, 968936, 1068651, 861272]
926;[6534178, 981760, 1138443, 903325, 993441]
927;[1058997, 1126899, 981760, 1070015, 906262]
928;[1082185, 1029743, 1037863, 923746, 1007136]
929;[6534178, 1070015, 1010190, 845193, 1070820]
931;[951590, 1029743, 5568378, 1062966, 1042544]
932;[844165, 1082185, 8090537, 1106523, 860776]
933;[1106523, 908531, 5569327, 1133018, 883404]
934;[1082185, 1133018, 953476, 995242, 1116460]
936;[1082185, 962229, 995242, 908531, 1029743]
937;[1126899, 5585636, 5587043, 5586642, 1058997]
938;[822407, 1087102, 911311, 1040807, 988791]
939;[916767, 1106523, 1092026, 1082185, 1133018]
940;[882441, 1019637, 870980, 1120741, 6773238]
941;[861272, 916381, 893501, 938849, 1016709]
942;[1015539, 1029743, 13842214, 995242, 927191]
943;[1106523, 1133018, 1053690, 999971, 5592931]
944;[6534178, 1106523, 1101010, 1132771, 951590]
945;[1082185, 1043751, 1029743, 951590, 981760]
946;[1133018, 1082185, 900072, 849843, 909894]
947;[900770, 1014915, 831808, 866227, 1101010]
949;[1029743, 873527, 833025, 968932, 908531]
951;[6534178, 1029743, 940947, 981760, 962229]
952;[862349, 1029743, 1075368, 1003188, 919644]
953;[849843, 1029743, 6979427, 981760, 1082185]
954;[1082185, 962568, 1068719, 995785, 1053690]
955;[1077975, 1033615, 1106523, 985119, 989157]
956;[6534166, 1070820, 849843, 821083, 866227]
957;[1005186, 1068719, 917277, 1043006, 848355]
959;[6534178, 1106523, 845208, 1082185, 1033142]
960;[6534178, 1070820, 1126899, 833556, 1082185]
961;[1070820, 986912, 1085604, 1082185, 1005186]
962;[1011645, 1039549, 1060567, 995242, 932006]
964;[1106523, 883404, 1074754, 1068719, 8090537]
965;[882441, 844179, 883404, 962118, 1044078]
966;[864143, 844179, 838186, 1029743, 1074754]
968;[916767, 1075368, 1029743, 1114992, 883404]
970;[6534178, 1122568, 10284946, 10285144, 934369]
971;[1075368, 1082185, 895540, 995242, 908531]
972;[6534178, 5703832, 6632283, 13008334, 862349]
973;[1082185, 5570685, 1009046, 897752, 913894]
975;[6533889, 868888, 5569471, 985911, 1082185]
976;[1082185, 1005186, 1029743, 1127831, 1058997]
977;[862349, 1005186, 995242, 893501, 826249]
978;[1082185, 1070820, 951590, 916122, 995785]
979;[6534178, 1082185, 1029743, 904236, 995242]
980;[1106523, 1047968, 1103629, 923746, 934369]
981;[995242, 1029743, 1082212, 849843, 913210]
982;[6534178, 962229, 9677202, 5563693, 1075368]
983;[1029743, 995242, 5568378, 857849, 1103556]
984;[1082185, 1133018, 1106523, 995785, 995242]
985;[1082185, 1029743, 901062, 962568, 995242]
986;[995242, 849843, 1029743, 8090440, 1092026]
987;[986912, 1070820, 1085604, 849202, 1082185]
988;[6534178, 1070820, 981760, 862349, 972931]
989;[1029743, 1089766, 995242, 1082185, 1106523]
992;[1005186, 1063207, 1082185, 5995597, 834484]
993;[1082185, 995242, 1101010, 986912, 860776]
996;[1133018, 883404, 1101010, 1082185, 896938]
998;[6534178, 8090521, 1082185, 962229, 1106523]
999;[1029743, 849843, 983795, 983584, 879755]
1000;[1082185, 1005186, 6534178, 986912, 12427353]
1001;[1082185, 9526254, 839346, 1135834, 1125382]
1002;[1082185, 840361, 995242, 5569471, 1033142]
1004;[6534178, 995242, 8203451, 1029743, 859154]
1005;[883404, 1101449, 995242, 866140, 847982]
1006;[870515, 1026118, 1082185, 1116821, 854852]
1007;[1029743, 995242, 908531, 874736, 839147]
1008;[6534178, 5747420, 849843, 6533765, 910473]
1010;[6534178, 1082185, 862349, 1091365, 1052912]
1011;[916122, 1053690, 1058997, 1126899, 1070820]
1014;[1082185, 995242, 981760, 1029743, 923746]
1015;[1082185, 5585735, 1037332, 995242, 847789]
1016;[1126899, 951412, 1058997, 1113141, 866211]
1017;[1082185, 8090537, 995242, 851057, 948420]
1018;[1070820, 1092026, 951590, 862732, 995242]
1019;[996425, 1082185, 1106523, 1029743, 819840]
1020;[1082185, 1070820, 833724, 995785, 1038985]
1021;[1029743, 10344585, 10344971, 849843, 1065593]
1023;[6533889, 6534166, 9859182, 963835, 919423]
1024;[1092026, 1106523, 1097001, 1043751, 5582712]
1025;[1106523, 1029743, 1015247, 840361, 8090521]
1027;[1082185, 1132771, 1018050, 862799, 899624]
1029;[6534178, 1082185, 1040807, 913449, 1126899]
1032;[914190, 1124729, 986912, 866227, 981760]
1033;[1082185, 1029743, 1051516, 12262778, 923746]
1037;[862349, 891961, 844179, 999858, 1053690]
1039;[1082185, 1029743, 951590, 972665, 831063]
1040;[1126899, 910473, 1075368, 1093966, 1082185]
1041;[1106523, 1127470, 884897, 1015247, 1111839]
1042;[862349, 6534178, 1027874, 822677, 1082185]
1045;[6534178, 1082185, 862349, 908531, 1404121]
1046;[1126899, 1005186, 1082185, 986947, 6034857]
1047;[1029743, 12301100, 847982, 879755, 1055646]
1049;[1070015, 1082185, 1029743, 844179, 890610]
1050;[6534178, 1106523, 1082185, 972312, 951590]
1051;[1029743, 908213, 1076875, 9527487, 12731714]
1053;[1005186, 834484, 1033220, 847270, 971922]
1054;[1029743, 916381, 8090532, 995242, 840361]
1055;[1082185, 1029743, 983584, 995242, 849843]
1056;[1106523, 951590, 1038663, 1127758, 981760]
1057;[916990, 1005186, 1110843, 970119, 892531]
1058;[6534178, 985893, 918046, 1082310, 933835]
1060;[951590, 1055425, 1082185, 6534178, 945273]
1061;[1106523, 6534178, 951590, 899624, 832678]
1062;[984677, 1029743, 1116578, 1127624, 995242]
1064;[1082185, 862349, 1058997, 965766, 990440]
1065;[951590, 1050851, 1106523, 1082185, 926905]
1066;[989101, 1082185, 986912, 995242, 1133018]
1067;[1029743, 1082185, 1126899, 981760, 1013321]
1068;[1133018, 994928, 987562, 919948, 991948]
1069;[995242, 908531, 1029743, 849843, 904129]
1070;[6534178, 1029743, 856345, 1039156, 849843]
1071;[920308, 995242, 1088835, 882441, 9527158]
1072;[1133018, 1029624, 937791, 903931, 1015247]
1073;[1058997, 995242, 1082185, 1082212, 1013597]
1074;[995242, 6534178, 908531, 1029743, 943233]
1075;[1070015, 1029743, 1106523, 990797, 1096036]
1076;[8090521, 1106523, 1034176, 1090931, 916122]
1077;[6534178, 951590, 995242, 1096036, 883932]
1078;[6534178, 1126899, 1106523, 1082185, 1026118]
1080;[1029743, 1106523, 923746, 981760, 1067695]
1081;[857849, 981760, 1106523, 899624, 995242]
1082;[917277, 6534178, 1133018, 962118, 870980]
1083;[8065410, 1082185, 995785, 1133018, 1007269]
1084;[967395, 953476, 1122358, 981760, 843744]
1085;[6534178, 1029743, 1082185, 883404, 7409957]
1086;[951102, 971922, 1131558, 1082185, 1126895]
1088;[997011, 861701, 865330, 1068719, 947068]
1089;[6534178, 1029743, 947798, 1108168, 992622]
1091;[1029743, 1082185, 899624, 951590, 5569230]
1092;[962229, 859075, 1096036, 862139, 983584]
1093;[1029743, 844165, 879143, 1082185, 840361]
1094;[1029743, 1082185, 983584, 951590, 933835]
1096;[1082185, 1026118, 995785, 1106523, 854852]
1097;[6533889, 6534166, 6534178, 1070015, 1106523]
1098;[1082185, 6534178, 871162, 5585510, 1017061]
1099;[8090521, 6534178, 1097239, 9337581, 1102416]
1100;[6534178, 6533765, 397896, 1092026, 849202]
1102;[1082185, 1029743, 995242, 866211, 1083787]
1103;[6534178, 1126899, 1029743, 862535, 1039156]
1104;[1039156, 995242, 6534178, 7025203, 1115576]
1106;[1057260, 868764, 1082185, 976199, 951821]
1107;[1058997, 965766, 847789, 1082185, 1126899]
1109;[1082185, 862349, 854852, 1109014, 1100368]
1110;[1070820, 862349, 840361, 859075, 908531]
1111;[1106523, 1028816, 1003188, 878398, 854852]
1112;[6533889, 6534166, 6534178, 1075368, 824073]
1113;[1082185, 1126899, 1041259, 961554, 834484]
1114;[1124729, 5569135, 10204488, 1080414, 853756]
1116;[1029743, 8090521, 1106523, 1085604, 8090509]
1117;[1106523, 1053690, 1082185, 852317, 1116578]
1119;[995242, 834117, 1044078, 940947, 5585186]
1121;[1082185, 962229, 1070820, 862349, 995242]
1123;[962229, 1126899, 981760, 860776, 866227]
1125;[1082185, 1124729, 987480, 986394, 839147]
1126;[1126899, 1082185, 849843, 877447, 1082172]
1127;[1029743, 5569230, 5569471, 1102416, 995242]
1128;[1106523, 1119051, 995785, 1082185, 849843]
1129;[1029743, 1037332, 1082185, 1094924, 995785]
1130;[1082185, 1133018, 995785, 899624, 1137775]
1131;[882441, 995242, 938700, 1029743, 1029624]
1133;[1029743, 1082185, 1076875, 1106523, 1055504]
1134;[1082185, 1106523, 1070820, 995785, 1037863]
1135;[1029743, 995242, 981760, 1019247, 1136719]
1136;[826249, 1101173, 1029743, 847982, 859075]
1137;[1082185, 995242, 860975, 914318, 885290]
1138;[909396, 900370, 1015539, 1120741, 1053690]
1140;[1085604, 1029743, 916122, 7025114, 1031083]
1141;[1029743, 995242, 879755, 874736, 1056509]
1142;[6534178, 1082185, 1067695, 878715, 976864]
1143;[983584, 5569230, 844179, 1070820, 914190]
1145;[1106523, 1005186, 985119, 985893, 1112754]
1146;[1029743, 6534178, 995242, 959985, 1033615]
1147;[1106523, 951590, 1085604, 1016800, 926905]
1148;[6534178, 6533765, 925514, 1022872, 823862]
1149;[848071, 999250, 986912, 8090440, 1028816]
1151;[1106523, 923746, 6602697, 1136524, 951590]
1152;[1029743, 1085604, 951590, 893501, 9337581]
1154;[1053690, 1106523, 849843, 908531, 874736]
1155;[908531, 1133018, 1016800, 1096036, 1023958]
1156;[866227, 986912, 1132771, 936594, 916993]
1157;[951590, 855138, 1070820, 1077048, 954673]
1158;[6534178, 1073150, 1049735, 1133018, 916767]
1159;[1082185, 5585510, 870515, 7025106, 1119051]
1160;[1106523, 1133018, 833025, 1029624, 947267]
1163;[6534178, 995242, 1082185, 1029743, 960142]
1164;[1070820, 1082185, 1077975, 1003441, 885406]
1165;[845193, 1082185, 1065593, 1048462, 5569230]
1166;[6534178, 1029743, 995242, 1082185, 1039156]
1167;[6534178, 1082185, 1070820, 1062002, 865511]
1168;[908531, 1019637, 983584, 1106523, 1029743]
1169;[844165, 849843, 1038663, 910673, 6534178]
1172;[1029743, 995242, 981760, 1053690, 1106523]
1173;[1029743, 1044895, 5569471, 1070820, 981760]
1174;[1106523, 896862, 935968, 1012587, 1062966]
1175;[6534166, 1082185, 6533889, 1028891, 12384365]
1177;[1062002, 981760, 961979, 1025650, 9926758]
1178;[6534178, 6464165, 995242, 992622, 840361]
1179;[6534178, 962229, 995242, 908531, 1082185]
1180;[6534178, 849843, 1033615, 985119, 6533765]
1181;[1037840, 995242, 1133018, 908531, 1029743]
1182;[1106523, 880150, 874736, 1068719, 1082185]
1185;[1106523, 1038217, 914190, 1133018, 901403]
1186;[1082185, 1126899, 6533889, 5578547, 903800]
1187;[1133018, 1038462, 891393, 9527158, 839147]
1188;[1133018, 883404, 924610, 913490, 1107289]
1189;[1082185, 1106523, 1037863, 819840, 1026118]
1190;[6534178, 995242, 1029743, 883404, 8090537]
1191;[995242, 5569230, 1041259, 951590, 1043301]
1192;[5668996, 1133018, 6534178, 849843, 992870]
1193;[913210, 8090537, 8090521, 1082185, 1013928]
1194;[1005186, 995242, 1092026, 857849, 1044078]
1195;[1075368, 995242, 7126663, 1009449, 904422]
1196;[901062, 1082185, 1070820, 873627, 857503]
1197;[6534178, 1029743, 13842214, 13842090, 981760]
1198;[1058997, 1105623, 981760, 914190, 827180]
1201;[1053690, 8090537, 1056509, 5567502, 1065593]
1202;[6534178, 1082185, 6424447, 845208, 847789]
1203;[1106523, 1082185, 951590, 1038462, 1042438]
1204;[1106523, 1085604, 1133018, 883404, 908531]
1205;[1029743, 1092026, 1053690, 995242, 981760]
1206;[1106523, 1133018, 826249, 883404, 1096036]
1207;[953476, 1065593, 995242, 1133018, 1070015]
1208;[1082185, 1015247, 1123792, 962229, 844165]
1209;[1107839, 986912, 1093571, 819978, 5567702]
1211;[6534166, 1037631, 6534178, 879504, 981760]
1213;[1124729, 1135681, 1133018, 925514, 1022872]
1215;[866211, 1082185, 986912, 961979, 962568]
1216;[1005186, 995242, 883404, 862349, 908213]
1217;[6534178, 962229, 1082185, 1029743, 1106301]
1218;[1082185, 1070820, 849843, 995785, 961554]
1219;[934369, 851057, 839147, 1039156, 894236]
1221;[1082185, 923746, 1034176, 1055504, 889649]
1222;[933835, 1106523, 1133018, 951590, 1082185]
1223;[1106523, 5569230, 1053690, 1051323, 1044078]
1224;[1068719, 999779, 1065593, 862349, 995242]
1225;[1106523, 1082185, 1092026, 917277, 1065593]
1226;[1070820, 1082185, 1070015, 859075, 1071939]
1227;[1082185, 949616, 966891, 1053690, 1044078]
1228;[6534178, 1005186, 883404, 1082185, 1133018]
1229;[6534178, 1033220, 908846, 951412, 916122]
1231;[995242, 1029743, 1082185, 1055646, 1110142]
1234;[916990, 995242, 1127716, 1042702, 862349]
1236;[965766, 1092026, 1070015, 834833, 1001148]
1238;[962229, 1082185, 1029743, 890610, 6773204]
1239;[1106523, 940947, 1127624, 5582712, 947201]
1240;[860776, 1082185, 6534178, 824005, 1070820]
1244;[1053690, 1082185, 844179, 874058, 826249]
1245;[6534178, 969866, 834484, 916381, 849098]
1246;[6534178, 1126899, 1137507, 962229, 1082185]
1247;[1082185, 933835, 961554, 1009449, 1126899]
1248;[1106523, 951590, 865511, 866227, 925862]
1250;[844179, 999858, 910032, 995242, 866227]
1251;[976998, 995242, 844165, 10285141, 949616]
1252;[1039156, 1052912, 923746, 862349, 1082185]
1255;[1133018, 1106523, 908504, 908531, 1005609]
1256;[1022254, 1058939, 986912, 1137688, 1132771]
1258;[5569471, 950098, 1058997, 1082185, 1133018]
1259;[1082185, 1058997, 916993, 985911, 1113588]
1260;[1082185, 1058997, 999104, 949257, 840361]
1261;[6534178, 1126310, 1100410, 1082185, 976998]
1263;[6534178, 850102, 1070015, 1016800, 1029743]
1264;[1107553, 1029743, 995242, 913210, 1031864]
1265;[1082185, 995242, 1133018, 908531, 1022003]
1266;[1082185, 1124729, 995785, 1133018, 866211]
1267;[1005186, 1082185, 13842090, 862349, 13842214]
1268;[1070820, 5569471, 1082990, 1110244, 7168058]
1269;[1057260, 1082185, 1106523, 899624, 862349]
1270;[1106523, 1082185, 1026118, 1025650, 835243]
1271;[1082185, 1029743, 1038217, 896369, 835098]
1272;[868764, 974766, 905436, 1070845, 1005186]
1273;[838186, 1111839, 1088835, 849843, 1082185]
1274;[1070820, 5569792, 951590, 8090537, 1082185]
1277;[1106523, 1133018, 1085604, 8090521, 1006483]
1279;[898980, 907014, 951590, 994928, 1082185]
1281;[957013, 856060, 1133018, 1098066, 1044078]
1282;[1111839, 1106523, 1088835, 823758, 981760]
1284;[920308, 918638, 1106301, 8205218, 1123792]
1285;[829459, 1101173, 899580, 5569230, 1109408]
1287;[1082185, 862349, 1005186, 1133018, 854852]
1288;[923746, 862349, 1082185, 909396, 951590]
1289;[1110572, 885750, 1085604, 1029743, 892008]
1290;[1133018, 860776, 995785, 939636, 1082185]
1291;[962229, 1082185, 981760, 1106523, 826249]
1292;[1082185, 1112333, 923670, 854852, 962568]
1293;[1001148, 959409, 1044078, 999971, 969419]
1294;[1126899, 1082185, 1058997, 1116821, 962568]
1295;[1029743, 995242, 1084331, 8090521, 951590]
1296;[1005186, 995242, 951590, 1110843, 1029743]
1297;[1082185, 6534178, 870515, 1026118, 995785]
1298;[883404, 1029743, 931255, 923746, 995242]
1299;[6534178, 1082185, 897125, 840361, 857849]
1300;[6534178, 1106523, 1070820, 6944571, 1082185]
1302;[844179, 1058997, 1044078, 1029743, 995242]
1303;[6534178, 1029743, 976199, 1039156, 972312]
1304;[1106523, 1029743, 923746, 994928, 1077143]
1305;[1106523, 1037894, 983584, 908531, 1053690]
1306;[1005186, 1029743, 861701, 951590, 940332]
1307;[1082185, 1005186, 926422, 1110843, 1007136]
1312;[1029743, 983584, 883404, 995242, 840361]
1313;[1106390, 1082185, 995242, 908531, 981760]
1314;[6534178, 1029743, 1102416, 1082185, 923746]
1316;[1029743, 982790, 1022003, 962229, 925626]
1317;[1029743, 1005186, 1120741, 882441, 995242]
1318;[1082185, 925862, 821083, 1046816, 1003600]
1319;[995242, 1058997, 1029743, 847789, 923746]
1320;[899580, 1026712, 964327, 1025719, 9527223]
1321;[883404, 1106523, 1133018, 6944571, 1107661]
1324;[1082185, 995242, 1029743, 857849, 924610]
1325;[903325, 961554, 1041259, 1051516, 845208]
1326;[6534178, 6533765, 1029743, 1082185, 1038217]
1328;[844165, 1082185, 951590, 1132770, 1029743]
1329;[1110843, 995785, 962229, 1082185, 993638]
1330;[1106523, 1133018, 859075, 986394, 5569230]
1331;[1029743, 1031316, 995242, 908531, 849843]
1332;[1082185, 874736, 834484, 860776, 995242]
1333;[1126899, 1082185, 1115175, 1128016, 908531]
1334;[879755, 883404, 1085604, 949616, 1022872]
1335;[835973, 862349, 970119, 1010681, 995242]
1336;[833025, 995242, 883404, 981760, 916122]
1337;[6534178, 1082185, 923670, 1029743, 952317]
1338;[839849, 1092026, 874736, 6534178, 1133018]
1340;[8160319, 1051069, 1027569, 1080414, 995242]
1341;[995242, 1133018, 1023958, 908531, 1124729]
1345;[1029743, 5569230, 5569845, 895540, 914190]
1346;[480014, 6534178, 866211, 1082185, 1127831]
1347;[6534178, 6533889, 951590, 1029743, 1107553]
1350;[962229, 1082185, 951746, 981760, 9527487]
1351;[1133018, 1106523, 860975, 923746, 819978]
1352;[6534178, 871722, 1082185, 900802, 915349]
1353;[954642, 1057260, 953476, 833025, 995242]
1354;[6534178, 995242, 1005186, 1110843, 1038217]
1356;[1070820, 981760, 862349, 935284, 1082185]
1357;[6534178, 1070820, 5582789, 860975, 862349]
1358;[1106523, 1082185, 995242, 883404, 849843]
1362;[7168026, 874149, 1082185, 1087102, 1119051]
1364;[1005186, 1082185, 1007136, 1110843, 1029743]
1366;[849843, 6534178, 927191, 1082172, 1139827]
1367;[6534178, 1082185, 1126899, 911812, 1005274]
1368;[916122, 1029743, 1082185, 944137, 12301405]
1369;[1082185, 1126899, 981760, 1095275, 1058997]
1370;[1068957, 919534, 5563693, 8090539, 844179]
1372;[1106523, 1137775, 1082185, 858302, 1122358]
1373;[5569471, 1005186, 1007269, 6034857, 5569230]
1374;[1133018, 944534, 1043006, 1106523, 995785]
1375;[1029743, 1106523, 1082185, 927191, 899624]
1376;[6534178, 1029743, 6534166, 883404, 995242]
1378;[1082185, 8011397, 7466806, 8011282, 5587133]
1379;[6534178, 862732, 962229, 1082185, 1029743]
1382;[1029743, 914190, 5570383, 1082185, 5569230]
1383;[1077975, 1018588, 1059891, 1082185, 972569]
1384;[882441, 849843, 847789, 1133018, 923746]
1385;[1029743, 1033615, 883404, 890909, 1112754]
1387;[944534, 1053690, 999104, 899624, 1082212]
1388;[1010190, 1076875, 999971, 1039156, 995242]
1389;[1058997, 13842090, 12263788, 981760, 935126]
1390;[995242, 1029743, 5569230, 994928, 1005186]
1391;[6534178, 1404121, 1082185, 1133018, 873627]
1392;[862349, 913278, 5569471, 908531, 981760]
1393;[1082185, 1058997, 1051516, 1062128, 866211]
1394;[1082185, 862349, 962229, 860776, 1119051]
1395;[1126899, 6533608, 983584, 940947, 951590]
1397;[1082185, 1106523, 918046, 1085983, 883404]
1398;[1107553, 844179, 1048200, 999779, 1058997]
1399;[1082185, 995242, 5995597, 929751, 849098]
1401;[1058997, 6534178, 908531, 1044078, 1126899]
1402;[1082185, 1133018, 1119051, 998373, 930666]
1404;[1029743, 883404, 826249, 1094955, 1054216]
1405;[1082185, 1106523, 995242, 819978, 854852]
1406;[1029743, 883404, 919644, 995242, 933835]
1407;[1082185, 951590, 1002771, 1029743, 1126899]
1408;[1029743, 951590, 995242, 1106523, 1056964]
1409;[1082185, 1133018, 908531, 998558, 834484]
1410;[1029743, 844165, 1037840, 981760, 1064945]
1412;[1029743, 1082185, 9487606, 9677202, 8090539]
1413;[1029743, 1082185, 1070015, 844179, 981521]
1414;[871162, 1126899, 849843, 916767, 1058997]
1415;[1095275, 866227, 6534178, 833025, 908531]
1417;[6533889, 898980, 1106523, 835243, 1133018]
1418;[1082185, 860776, 862349, 948670, 1070820]
1419;[1085604, 1133018, 908531, 1106523, 1019637]
1420;[1029743, 849843, 965766, 1082185, 995242]
1421;[6534178, 1053690, 962229, 1029743, 8090521]
1423;[6534178, 1082185, 986947, 13008334, 5981267]
1424;[1082185, 995242, 1029743, 840361, 1082212]
1425;[1029743, 1101010, 995242, 951590, 997202]
1426;[844165, 1133018, 983584, 908531, 1029743]
1427;[995242, 840361, 884897, 1043006, 1029743]
1428;[6534178, 1029743, 938700, 833025, 995242]
1429;[1126899, 1058997, 926909, 1388206, 948670]
1430;[6534178, 1126899, 906844, 9677202, 1029743]
1431;[1110572, 5569230, 866140, 827919, 6944571]
1433;[849202, 1098066, 873627, 1053690, 981760]
1434;[1053690, 1082185, 1133018, 995242, 883404]
1437;[995242, 1029743, 819304, 1044078, 1082185]
1440;[6534178, 1092026, 1106523, 999971, 844165]
1443;[1082185, 906844, 945662, 849843, 896617]
1445;[909714, 1068651, 6034857, 8090509, 903325]
1446;[1133018, 6979427, 937292, 1082185, 923746]
1447;[6534178, 844165, 972312, 1137304, 1029743]
1450;[6534178, 6533765, 849843, 1127758, 945200]
1451;[6534178, 1082185, 1070820, 862349, 995242]
1452;[1023027, 989101, 5590287, 866227, 1118533]
1453;[1005186, 1138189, 1110572, 1092588, 995242]
1454;[6534178, 1082185, 1029743, 995242, 878996]
1457;[1106523, 1044078, 987724, 1070015, 863447]
1458;[6534178, 1082185, 1404121, 981760, 994928]
1459;[948832, 844179, 820560, 1107089, 934948]
1460;[1133018, 1082185, 995965, 840361, 925112]
1461;[6534178, 1082185, 1029743, 981760, 995242]
1462;[1082185, 885290, 995242, 890695, 1011926]
1463;[8090537, 850102, 993638, 850058, 986912]
1465;[866227, 824180, 860248, 1050482, 12263788]
1467;[6534178, 1085604, 1005186, 890536, 866227]
1470;[6534178, 1029743, 995242, 862349, 981760]
1471;[913210, 866227, 1039156, 1080414, 846081]
1473;[1082185, 1126899, 866211, 10344585, 834484]
1474;[1106523, 1070015, 1053690, 933835, 1133018]
1475;[6534178, 1057260, 981760, 969568, 1070820]
1476;[6533889, 6534166, 995242, 1058997, 907099]
1477;[961979, 986912, 1125278, 8090440, 999250]
1479;[977374, 1029743, 995242, 935959, 1110244]
1481;[995242, 1068719, 951590, 1053763, 1082185]
1483;[6534178, 883404, 5569230, 1082185, 1106523]
1484;[1082185, 1058997, 1119051, 840361, 961554]
1485;[13842214, 13842090, 1082185, 1106523, 1075368]
1486;[822677, 916767, 871162, 1126899, 839849]
1487;[940947, 5569230, 8090440, 951197, 883404]
1488;[1082185, 1110572, 1126899, 6534178, 1092026]
1489;[6534178, 1029743, 908531, 883404, 826249]
1490;[995242, 976998, 969866, 953476, 939636]
1491;[1082185, 1029743, 901062, 820165, 986947]
1492;[995242, 1082185, 901062, 847982, 945662]
1493;[1106523, 1097001, 1133018, 883404, 914190]
1494;[838797, 995242, 923746, 857849, 1068719]
1495;[986912, 864143, 855468, 907014, 12731544]
1498;[1082185, 5569471, 1075074, 1055646, 821464]
1499;[1088147, 8203720, 981760, 1008316, 8090532]
1500;[951590, 1029743, 981760, 997200, 857849]
1501;[6534178, 1082185, 1070820, 860776, 961554]
1502;[1070820, 1124729, 1022872, 1017195, 840361]
1503;[1082185, 5585510, 5568228, 1055646, 866227]
1505;[868764, 1005186, 1053690, 1043920, 1133018]
1506;[1044078, 959985, 994928, 898980, 1043301]
1507;[6534178, 879755, 844165, 873654, 899624]
1508;[1058997, 1126899, 909894, 1082185, 951412]
1509;[6534178, 1029743, 1042438, 1016800, 926905]
1510;[894236, 1126203, 6534178, 1005186, 986912]
1511;[1106523, 1133018, 968932, 908531, 13115548]
1512;[1404121, 6534178, 1005186, 1029743, 983584]
1513;[13511722, 1137346, 7462562, 854852, 897306]
1514;[1082185, 1126899, 1006184, 1117336, 880253]
1515;[962229, 981760, 995242, 1025641, 5569230]
1517;[1070820, 1082185, 862349, 908531, 951590]
1518;[1029743, 1125199, 844179, 883404, 1082212]
1519;[1070820, 5569230, 8090521, 916122, 860776]
1520;[6534178, 1029743, 995242, 883404, 908531]
1525;[995242, 1033615, 849843, 985119, 1082185]
1526;[844165, 1133018, 894236, 862732, 1082185]
1527;[6534178, 1082185, 1029743, 951590, 1106523]
1528;[6534178, 1082185, 1075368, 844165, 1029743]
1529;[6534178, 993466, 1044078, 6533765, 898847]
1530;[1082185, 1058997, 938300, 999104, 1055504]
1531;[6534178, 1058997, 1100410, 1126899, 1075368]
1532;[894236, 862010, 1043787, 914190, 5569471]
1533;[1005637, 1028421, 879755, 1070820, 1006573]
1534;[6534178, 1070820, 932298, 923746, 1005186]
1535;[1106523, 883404, 844179, 1053763, 1044078]
1536;[6534178, 1075368, 1029743, 8090532, 1126899]
1537;[6534178, 1029743, 1106523, 995242, 917277]
1539;[10285144, 954966, 968936, 912704, 1007136]
1540;[874736, 844165, 911311, 1106523, 1083787]
1541;[1082185, 1029743, 1036501, 925626, 981760]
1542;[821083, 1133018, 8090521, 1056509, 849843]
1543;[1053690, 1029743, 1037340, 995242, 10285106]
1544;[6534166, 6533889, 6534178, 1110843, 1091365]
1545;[1106523, 8090521, 6463775, 1133018, 972931]
1546;[908531, 995242, 965766, 994928, 1029743]
1547;[6534178, 893501, 995242, 894236, 900145]
1548;[1029743, 1053690, 953476, 995242, 1082185]
1549;[6534178, 986912, 866227, 849843, 1133018]
1550;[959409, 999971, 7167218, 1113588, 1033615]
1552;[1029743, 944836, 997309, 1044068, 1084968]
1555;[995242, 1029743, 844165, 1092026, 1036501]
1556;[1082185, 995242, 840361, 1080331, 948670]
1557;[6534178, 1106523, 1082185, 860776, 1026118]
1558;[995242, 5569374, 1082185, 1006184, 1005186]
1559;[1075368, 1106523, 940947, 965842, 1082185]
1560;[883404, 1021519, 1029743, 995242, 923746]
1563;[1039156, 1082185, 894236, 1028816, 860776]
1564;[1082185, 1046689, 962568, 856060, 1038462]
1565;[1404121, 6534178, 1005186, 866227, 883003]
1566;[6534178, 1082185, 995785, 976199, 1022254]
1567;[1082185, 1133018, 1026118, 1106523, 860776]
1568;[883404, 1133018, 1126203, 923746, 899624]
1570;[1082185, 908531, 979707, 1112825, 995242]
1572;[1126899, 1058997, 9835509, 1044068, 833724]
1574;[908531, 995242, 1082185, 916122, 977499]
1575;[1082185, 862349, 1022254, 900802, 901062]
1576;[834484, 1029743, 849843, 840361, 1037863]
1577;[1029743, 8119303, 997796, 6534178, 995785]
1578;[900370, 916122, 1029743, 1063207, 844165]
1579;[6534178, 1029743, 995242, 1005186, 951590]
1580;[884897, 1132770, 882441, 1005186, 9527487]
1581;[1029743, 849843, 1082185, 6463775, 1114597]
1584;[1106523, 951590, 1028891, 957736, 1029743]
1585;[6534178, 1126899, 1082185, 13842090, 5569471]
1586;[1135681, 916122, 870780, 6391381, 1044078]
1587;[1085604, 1029743, 840361, 1082185, 1065593]
1588;[1082185, 6534178, 908531, 1095275, 995785]
1590;[1028891, 1029743, 1082185, 1070820, 995785]
1591;[1082185, 995785, 1070820, 6534178, 6396566]
1592;[6534178, 1110764, 1005186, 1091365, 1110843]
1593;[1029743, 840361, 995242, 873203, 1077490]
1594;[6534178, 6533765, 1106523, 883404, 1110843]
1595;[6534178, 971922, 1110042, 1137775, 5568378]
1596;[953476, 1033046, 861272, 1046816, 927291]
1598;[995242, 951590, 1082185, 908531, 986912]
1599;[1043590, 840361, 907014, 1065593, 951590]
1602;[1029743, 1082185, 1006483, 860776, 1070820]
1604;[832678, 1051211, 9527158, 1022003, 12427353]
1605;[829459, 938141, 1109408, 949836, 981760]
1607;[1091365, 1110843, 1005186, 5981072, 5569230]
1609;[1082185, 6632283, 6533889, 951590, 1029743]
1611;[6534178, 1029743, 1037840, 981760, 1085476]
1612;[6534178, 1126899, 1005186, 1070820, 1082185]
1613;[1029743, 849843, 951590, 1014802, 890283]
1614;[995852, 1106523, 895540, 984715, 926065]
1618;[6534178, 1082185, 862349, 1138443, 971922]
1619;[6534178, 1082185, 932179, 970160, 854852]
1620;[6534178, 1106523, 1133018, 1110572, 5587656]
1621;[1092026, 1106523, 1132770, 1029743, 972931]
1622;[1082185, 6534178, 1029743, 5585510, 1062002]
1623;[6534178, 6533765, 6534166, 1106523, 948832]
1624;[1082185, 986912, 5569230, 1026118, 912681]
1625;[1110843, 1007136, 879755, 1005186, 1133018]
1627;[6534178, 1082185, 6533765, 880427, 860776]
1629;[923746, 881154, 844165, 838186, 1051323]
1630;[1082185, 865026, 1106523, 1098284, 7409957]
1631;[1029743, 883404, 955043, 1120741, 826249]
1632;[6534178, 1404121, 5585635, 1070820, 8090440]
1633;[1082185, 1029743, 1064213, 951590, 953476]
1634;[1044078, 844165, 907631, 1070820, 1065593]
1635;[1029743, 957951, 1082185, 962568, 1062128]
1637;[1014948, 827999, 1132911, 1053282, 948384]
1638;[1058997, 1082185, 962568, 1098248, 1055646]
1639;[903230, 1133018, 1106523, 8090537, 844165]
1640;[1075368, 1106523, 8090521, 1037840, 8065410]
1642;[1082185, 995785, 845208, 1106523, 1037863]
1643;[1106523, 923746, 1016800, 856060, 926905]
1644;[1029743, 1068651, 995242, 7166861, 5569230]
1647;[1082185, 981760, 986947, 1096036, 962568]
1648;[6534178, 1106523, 6533765, 883404, 983584]
1649;[1082185, 1133018, 995785, 1051516, 997309]
1650;[962568, 860776, 1082185, 944137, 834484]
1651;[1082185, 1041259, 954642, 5587837, 900802]
1653;[6534178, 1029743, 1010190, 1127831, 999971]
1654;[894236, 1040935, 887102, 6463658, 997096]
1656;[986912, 1106523, 1029743, 9935616, 6533362]
1657;[1053690, 1106523, 866227, 1068719, 916381]
1658;[885290, 995785, 984715, 1033142, 979707]
1659;[1082185, 989101, 995242, 1133018, 1029743]
1660;[1106523, 923746, 6602697, 5570408, 1068719]
1661;[1082185, 6534166, 6533889, 1126899, 834484]
1662;[1126899, 880427, 1082185, 919644, 969932]
1663;[6534178, 1070820, 1128665, 1124729, 839147]
1664;[868764, 6533889, 826249, 883404, 857554]
1665;[989354, 6534178, 1043006, 1098066, 1029743]
1666;[889649, 1048462, 983584, 988693, 1122358]
1667;[844165, 1092026, 986912, 844179, 995242]
1668;[6534178, 1106523, 1082185, 1133018, 906262]
1671;[1126899, 908346, 1082185, 1058997, 899446]
1672;[985119, 923746, 984677, 1075305, 1106523]
1673;[6534178, 1053690, 1106523, 1082185, 1036501]
1676;[1082185, 968215, 6534166, 1028816, 1041259]
1677;[995242, 1029743, 1048462, 885290, 1082185]
1678;[1062966, 940947, 5582712, 1002850, 997796]
1679;[1080414, 1138189, 906262, 1022872, 940947]
1680;[1058997, 1126899, 869728, 820486, 840361]
1681;[6534178, 1082185, 1029743, 995242, 951590]
1683;[5574377, 5569471, 893501, 1104343, 840361]
1684;[1106523, 9881593, 885697, 1092026, 986394]
1685;[995242, 1029743, 1082185, 908531, 1069039]
1686;[1005186, 1077143, 1022003, 1106523, 883404]
1687;[1126899, 833556, 820560, 1082185, 826249]
1689;[6534178, 995242, 1029743, 6533765, 835300]
1690;[951590, 1133018, 857849, 923746, 1033615]
1691;[1082185, 933835, 1106523, 1133018, 1101010]
1692;[6534178, 995242, 1038217, 1023958, 1029743]
1693;[1082185, 1126899, 6391381, 993466, 5592610]
1694;[6534178, 951590, 6533765, 1070015, 918733]
1695;[1095275, 989101, 1082185, 866227, 1009482]
1697;[1044078, 1029743, 844179, 957839, 9836106]
1698;[5585510, 1082185, 5592931, 976199, 965842]
1699;[993638, 986912, 1087102, 948384, 1070076]
1700;[6944571, 1101173, 1015247, 1029624, 5568378]
1702;[1003487, 1101010, 962229, 916122, 899624]
1703;[1106523, 1057260, 1135868, 965766, 923746]
1704;[1022872, 1124729, 986394, 925514, 949616]
1705;[13842090, 13842214, 995242, 6602697, 1070015]
1706;[1027569, 1101010, 1005186, 866227, 933060]
1707;[1085604, 861445, 13842214, 13842090, 1124729]
1708;[1082185, 994928, 995242, 1029743, 924610]
1710;[1082185, 995242, 1029743, 860776, 5590287]
1712;[1082185, 840361, 1126899, 1057260, 849843]
1713;[1082185, 870927, 913210, 923149, 835973]
1715;[981760, 995785, 1041259, 1051516, 1082185]
1716;[1085604, 995242, 5995597, 12302069, 5592931]
1717;[1029743, 1082185, 995242, 899682, 6534178]
1718;[1082185, 1070820, 1037840, 961554, 10204392]
1719;[1070820, 840361, 916993, 859426, 1029743]
1720;[862349, 819978, 1077359, 951590, 834117]
1721;[1106523, 844179, 1082185, 1044078, 955910]
1722;[6534178, 1126899, 994928, 1097001, 1058997]
1723;[922561, 855672, 834484, 962568, 1098844]
1724;[1126899, 1082185, 1106523, 890455, 1058997]
1726;[6534178, 963835, 866211, 1082185, 1041259]
1728;[1058997, 1029743, 995242, 883404, 890695]
1729;[1110843, 1029743, 1091365, 1005186, 1106523]
1730;[6534178, 6533765, 1005186, 866227, 1044078]
1731;[6534178, 1082185, 1126899, 882441, 1106523]
1732;[1082185, 1029743, 914190, 844179, 1133018]
1733;[894439, 1025611, 986912, 1004906, 1133018]
1735;[995242, 981760, 1082990, 951590, 8090537]
1737;[1082185, 1058997, 5583944, 5587133, 849003]
1738;[1133018, 1118033, 1040807, 1106523, 937626]
1739;[1053690, 1133018, 1106523, 908531, 962229]
1740;[1082185, 12946027, 1029112, 1074333, 1075368]
1742;[938141, 829459, 826249, 1019637, 9420312]
1743;[990797, 6463775, 993685, 925514, 1114992]
1744;[1082185, 1106523, 1029743, 895268, 970792]
1745;[6944571, 1106523, 1043006, 871756, 983584]
1746;[1106523, 840361, 1082185, 833025, 951590]
1747;[6534178, 1106523, 962568, 909349, 899624]
1748;[6534178, 1106523, 1085604, 891505, 5587656]
1749;[6534178, 862349, 1082185, 934399, 951590]
1751;[1070820, 1053690, 862349, 1082990, 5569230]
1752;[1106523, 951590, 1133018, 985119, 1075470]
1753;[6534178, 879755, 986912, 986394, 1051069]
1754;[6534178, 995242, 1029743, 6533765, 859075]
1755;[999714, 1093413, 8090521, 1043751, 1070272]
1758;[1126899, 1082185, 1058997, 849843, 1132771]
1759;[1126899, 883404, 819330, 1074405, 1044078]
1760;[1082185, 1029743, 860975, 983584, 862535]
1761;[1133018, 1082185, 994928, 847789, 1132771]
1762;[6534178, 1082185, 1029743, 883404, 983584]
1763;[1106523, 1075368, 1082185, 834484, 1043006]
1764;[6534178, 1126899, 5565925, 903325, 972665]
1765;[1022003, 1126203, 908531, 1043494, 981944]
1766;[1005186, 830582, 866227, 1133018, 7167249]
1767;[1106523, 883404, 1029743, 1082185, 1110572]
1768;[12946027, 1127758, 7410342, 9707137, 899624]
1769;[5563693, 1082185, 872137, 981760, 1022254]
1770;[989101, 1070015, 995242, 1082185, 979707]
1773;[860776, 925112, 840361, 859427, 1000237]
1774;[990797, 8090537, 902172, 951197, 8090521]
1775;[6534178, 1082185, 1126899, 1404121, 9911484]
1776;[1082185, 1029743, 849843, 995242, 862349]
1777;[1126899, 1132771, 989249, 1082185, 923746]
1778;[6534178, 1029743, 1082185, 981760, 1004906]
1779;[1070820, 908531, 862349, 1082185, 845208]
1781;[6534166, 866227, 1053282, 1037840, 847207]
1782;[1072523, 1079987, 1021519, 844179, 995242]
1783;[6534178, 1082185, 1058997, 9835509, 1138443]
1784;[979707, 1082185, 962568, 1026118, 951412]
1785;[1082185, 1126899, 908531, 1119051, 847789]
1786;[1388206, 10285144, 1095275, 1029743, 1026118]
1788;[6534178, 995242, 909714, 1116821, 995785]
1789;[1111839, 907128, 987562, 1004436, 825731]
1790;[1082185, 997309, 997096, 945662, 883932]
1791;[6534178, 995242, 6944571, 1139830, 894236]
1792;[1075368, 962229, 1006573, 1039156, 6534178]
1794;[1029743, 6534178, 5569230, 1053690, 10344585]
1795;[862349, 1085604, 949616, 1070820, 993441]
1796;[1029743, 1083721, 925626, 965766, 1037840]
1797;[1082185, 1112825, 996009, 862349, 860776]
1799;[1113588, 1116578, 8090440, 852317, 1125278]
1800;[6534178, 1082185, 908531, 983584, 1058997]
1801;[6534178, 1085604, 1037894, 948953, 952981]
1802;[885290, 1082185, 908846, 1101173, 6514160]
1803;[1005637, 850944, 1028421, 5569230, 1029743]
1804;[6534178, 1082185, 1029743, 995242, 1127831]
1805;[1075368, 1005186, 948670, 1110843, 1091365]
1806;[1029743, 839094, 1126899, 1007136, 1022003]
1807;[1082185, 1112825, 1126899, 1073150, 860776]
1808;[1037840, 866227, 894236, 1053690, 1029743]
1809;[995242, 1082185, 1039156, 860776, 825753]
1810;[6534178, 1108094, 1098284, 860248, 994928]
1811;[1106523, 1388206, 1135258, 844179, 1033615]
1812;[1070015, 1132770, 849843, 1082185, 834484]
1814;[1029743, 1112825, 1028891, 865705, 951590]
1815;[6534178, 895502, 1029743, 995242, 981944]
1816;[1087362, 1082185, 1029743, 1114992, 1070820]
1817;[1082185, 995242, 895930, 1005274, 981760]
1818;[1111839, 883404, 1133018, 1124729, 1007191]
1819;[995242, 981760, 1082185, 914190, 12946027]
1820;[1082185, 1029743, 1068651, 8090546, 1070820]
1821;[1106523, 1082185, 983584, 6534178, 5568378]
1823;[6534178, 1082185, 1070820, 862349, 1124507]
1824;[1106523, 983584, 862010, 1082185, 1043787]
1826;[1029743, 995242, 908531, 1022003, 1053690]
1827;[1029743, 940947, 5568378, 916381, 1053690]
1829;[6534178, 1082185, 995242, 995785, 1098844]
1831;[6534178, 1082185, 909268, 1058997, 968774]
1832;[986760, 1058997, 1022872, 934369, 996009]
1833;[1106523, 908531, 1133018, 962229, 1082185]
1834;[1029743, 883404, 914190, 995242, 951590]
1835;[6534178, 1082185, 1044259, 1005186, 7025106]
1837;[6534178, 1082185, 8090537, 8090521, 13842090]
1839;[968057, 5995180, 1106523, 995242, 1003836]
1841;[1022254, 994928, 1082185, 999858, 1037863]
1843;[862349, 849202, 1082185, 951590, 1055646]
1845;[1126899, 1082185, 923746, 9881593, 976199]
1846;[1029743, 5569471, 5569845, 833025, 5567502]
1847;[862349, 1070820, 951590, 1082185, 840361]
1848;[6534178, 1082185, 1005186, 1135834, 892573]
1849;[1005186, 1029743, 995242, 1091365, 1056509]
1850;[6534178, 1082185, 862349, 860776, 834484]
1852;[1029743, 948670, 1057260, 998373, 923746]
1854;[6534178, 1077975, 1082185, 1055504, 883404]
1856;[1082185, 866227, 986912, 1070820, 1029624]
1857;[1029743, 1031316, 1092026, 995242, 908531]
1858;[995785, 860776, 1058997, 870515, 1082185]
1859;[1082185, 1082990, 1000237, 10344971, 1119950]
1861;[1029743, 925514, 1108131, 995242, 1047944]
1862;[5569230, 8090537, 8090532, 8090521, 5569845]
1864;[1082185, 6534178, 965842, 995242, 1057260]
1865;[1070820, 862349, 1082185, 870780, 894968]
1866;[998373, 1053690, 1122568, 970160, 1010164]
1867;[849202, 859237, 893501, 1053690, 916122]
1869;[1126899, 1058997, 908531, 1082185, 923746]
1870;[1070820, 862349, 914318, 1043787, 862010]
1871;[1082185, 1026118, 944836, 854852, 819840]
1872;[6534178, 1082185, 1102416, 1058997, 923746]
1873;[6534178, 1106523, 1082185, 962229, 1037840]
1874;[1132771, 1005186, 1121393, 1029743, 1082185]
1875;[6533889, 1037863, 1082185, 6534166, 979707]
1877;[1029743, 1075470, 983584, 995242, 8090440]
1879;[1077975, 1082185, 933835, 951590, 1070803]
1880;[1106523, 883404, 1124729, 986394, 925514]
1881;[6534178, 1082185, 995242, 852360, 840361]
1883;[1092026, 883404, 891505, 1053690, 921345]
1884;[1082185, 883932, 7441210, 866211, 854852]
1885;[6533889, 6534166, 1388206, 1058997, 844179]
1887;[1058997, 908531, 1009449, 1126899, 1060269]
1890;[1082185, 1126899, 903325, 961554, 1041259]
1891;[995242, 1055425, 1082185, 1106523, 1133018]
1892;[6534178, 6533765, 1093413, 1033615, 1133018]
1893;[1039156, 894236, 982469, 852856, 1027569]
1894;[6534178, 6534166, 1065593, 1106523, 962229]
1895;[1133018, 840361, 962229, 5569471, 917033]
1896;[1082185, 12263788, 954642, 995242, 1075368]
1899;[951590, 1029743, 1122358, 1082185, 919534]
1900;[1082185, 1132771, 898847, 1037332, 1070820]
1901;[1082185, 7431990, 995242, 1005186, 1013928]
1902;[1058997, 1133018, 911470, 883404, 1056509]
1904;[1058997, 995242, 994928, 1044068, 883404]
1905;[834484, 1106523, 995242, 1029743, 837270]
1906;[6534178, 995242, 1034176, 1023958, 878445]
1907;[1057260, 1075368, 819978, 999971, 1029743]
1909;[10285141, 1050851, 1044078, 999858, 1005186]
1911;[6534178, 1058997, 1044078, 1021519, 844179]
1912;[964327, 1106523, 1033846, 9526730, 865026]
1914;[5574377, 862349, 862010, 894439, 999104]
1916;[885290, 1070015, 1133018, 1106523, 1068719]
1917;[1010190, 1029743, 950557, 1011645, 1106523]
1918;[6534178, 1082185, 1029743, 890610, 868764]
1919;[6534178, 1082185, 920308, 1106523, 1133018]
1920;[1082185, 1019643, 862349, 860776, 995785]
1921;[954642, 995242, 1044078, 1057260, 1082185]
1922;[1082185, 1058997, 5586076, 1126899, 862349]
1923;[6534178, 1090017, 1082185, 961554, 992986]
1924;[983584, 965772, 908531, 1132956, 995242]
1925;[1106523, 1082185, 951590, 1029743, 981760]
1926;[849098, 929751, 5995597, 923746, 916122]
1927;[1029743, 951590, 1044078, 981760, 5585510]
1928;[983584, 908531, 908504, 1085604, 843744]
1929;[951590, 834484, 860776, 933835, 855672]
1930;[1085604, 1122358, 1029743, 919948, 1106523]
1931;[1082185, 1133018, 1001148, 1106523, 849843]
1933;[1106523, 849843, 1029743, 821083, 1082185]
1935;[6533889, 1126899, 999104, 1004555, 1007269]
1936;[6534178, 1085604, 1029743, 1138443, 962229]
1937;[983936, 860890, 1093603, 1070820, 1082185]
1938;[1029743, 6533936, 862010, 1043787, 1070820]
1939;[6534178, 995242, 833025, 896085, 883404]
1940;[1082185, 860776, 995785, 861272, 1026118]
1941;[1106523, 1133018, 947798, 1044078, 1037840]
1942;[1110572, 1133018, 5569230, 5585510, 879755]
1943;[1029743, 883404, 826249, 1106523, 1053763]
1944;[6534178, 1070820, 1082185, 994223, 880427]
1945;[1029743, 999971, 883404, 981760, 1006878]
1946;[1082185, 1070820, 923746, 10344585, 12946027]
1947;[933835, 1126899, 1082185, 845307, 845193]
1948;[1058997, 916993, 1022981, 1065593, 840361]
1949;[962229, 923746, 1044078, 944534, 1106523]
1950;[999971, 1131321, 1053690, 1126895, 1070015]
1951;[1082185, 1004906, 1055646, 904360, 1081177]
1952;[6534178, 1029743, 1038217, 914190, 6533765]
1953;[916122, 986912, 1077143, 1050851, 897954]
1954;[870420, 1026118, 962568, 1019247, 1041157]
1955;[6534178, 1082185, 1106523, 1053058, 992870]
1956;[1126899, 1070820, 933835, 951590, 914190]
1957;[1029743, 962229, 1040807, 1082185, 933835]
1958;[1082185, 1026118, 866227, 1071939, 824005]
1960;[6534178, 5703832, 839656, 862349, 1070820]
1961;[1106523, 925626, 849843, 995242, 1004906]
1962;[1082185, 995242, 6534166, 1076580, 1056509]
1963;[5569374, 893501, 859075, 834484, 862349]
1964;[948420, 862732, 1082185, 849843, 905913]
1965;[1058997, 1082185, 866227, 883404, 1133018]
1966;[1082185, 1070820, 7025106, 961554, 840361]
1967;[6534178, 1129822, 1082185, 862349, 1070820]
1968;[902856, 6534178, 1084203, 1122358, 950557]
1969;[1029743, 995242, 873964, 860776, 1081177]
1970;[918046, 1043920, 1013928, 1108131, 6534178]
1971;[1029743, 1082212, 899624, 981760, 1082185]
1972;[920308, 1120741, 1111839, 1106523, 929018]
1975;[6534178, 5574377, 995242, 1082185, 883003]
1976;[1106523, 1082990, 1133018, 849202, 999971]
1979;[1082185, 1133018, 995242, 860776, 1026118]
1980;[995242, 8090541, 9487606, 981760, 976199]
1981;[1126899, 1082212, 923746, 1070820, 994928]
1982;[1082185, 6533889, 5582789, 5585639, 5586942]
1983;[1029743, 7168026, 885290, 1082185, 961554]
1985;[1082185, 1106523, 840361, 5569230, 1057011]
1986;[995242, 5568378, 1068719, 6944571, 873178]
1987;[916122, 1082185, 1044078, 981760, 1053690]
1988;[1106523, 923746, 840361, 8090537, 856060]
1989;[6534178, 1005186, 1082185, 820165, 898847]
1990;[6534178, 1029743, 1082185, 1126899, 856942]
1993;[1133018, 1043787, 991951, 932298, 879755]
1994;[1039156, 1091365, 1126899, 979746, 5568378]
1995;[1082185, 1029743, 6534178, 923746, 1106523]
1996;[1126899, 1058997, 1070820, 981760, 823775]
1997;[6534178, 1126899, 821083, 976199, 834484]
1998;[1053690, 1133018, 827683, 908531, 874736]
1999;[1082185, 995242, 986912, 935968, 849843]
2000;[1029743, 874058, 8090521, 8090537, 926905]
2001;[852856, 912704, 1103556, 6534166, 1126899]
2002;[1082185, 1106523, 1133018, 1069039, 947068]
2003;[1082185, 1058997, 10344585, 840361, 5569471]
2004;[1055425, 995242, 934399, 951590, 826249]
2005;[951590, 1068719, 1098066, 1029743, 849843]
2006;[1082185, 893501, 5574377, 1133018, 860776]
2007;[6534178, 1082185, 1106523, 981760, 1092303]
2008;[1126899, 995242, 981760, 5570383, 914318]
2010;[985119, 1082185, 1033615, 883404, 856060]
2011;[893501, 894236, 961554, 1082185, 1065593]
2012;[6534178, 882441, 1106523, 920308, 845193]
2014;[1082185, 1106523, 995785, 5592931, 847789]
2015;[1029743, 1048462, 940947, 905436, 1082185]
2017;[6534178, 983584, 1082185, 1126899, 1120741]
2018;[1082185, 1106523, 1015296, 1068562, 849843]
2019;[1029743, 883404, 1085604, 1011300, 5568249]
2020;[1082185, 895540, 1132771, 933835, 6602697]
2021;[951590, 981760, 896862, 1119454, 844179]
2022;[1029743, 1082185, 951590, 1060408, 1098844]
2023;[5569374, 826249, 863337, 1012523, 1116460]
2024;[1126899, 840601, 13842214, 1058997, 10344971]
2025;[1029743, 861272, 6463717, 6534480, 1106523]
2027;[849843, 994928, 995242, 866227, 9527158]
2028;[995242, 6534178, 1029743, 8090509, 1045220]
2029;[962229, 1133018, 892728, 1072523, 1029743]
2030;[995242, 1029743, 840361, 1087102, 968936]
2033;[6534166, 1029743, 1119089, 995242, 981760]
2034;[1082185, 6534178, 1126899, 995785, 903325]
2035;[844165, 995242, 1133018, 849843, 1029624]
2036;[1082185, 1029743, 1126899, 885290, 1024306]
2037;[1029743, 849843, 994928, 981760, 840361]
2038;[6534178, 1029743, 923746, 844165, 849843]
2040;[1029743, 1085604, 852317, 995242, 1106523]
2041;[1074333, 923746, 1127716, 917033, 961554]
2043;[849843, 894439, 1106301, 1061220, 844165]
2047;[6534178, 1082185, 1106523, 6534166, 824005]
2048;[1106523, 1075368, 8090537, 913490, 822241]
2049;[826249, 967762, 9526886, 981760, 976199]
2050;[951590, 1082185, 1058997, 908531, 899624]
2053;[1029743, 1082185, 941856, 844165, 908531]
2055;[1133018, 997309, 1134810, 944139, 819765]
2056;[1106523, 962229, 1125123, 1029743, 937626]
2057;[6534178, 1070820, 1125278, 913210, 1053690]
2058;[1082185, 903325, 5584645, 961554, 1006342]
2060;[986912, 1029743, 993638, 1110572, 916122]
2062;[1029743, 995242, 857849, 1070015, 981760]
2063;[1082185, 866227, 986912, 1005186, 885290]
2064;[1056651, 1005186, 1006483, 860776, 1095275]
2065;[1029743, 8090521, 883404, 1031083, 938700]
2068;[1082185, 1070820, 862349, 1022003, 849843]
2069;[1106523, 1000753, 981760, 1133018, 866227]
2070;[6534178, 1085604, 834103, 994928, 1029743]
2071;[903230, 999971, 933835, 1044078, 1053690]
2074;[1106523, 1133018, 826249, 908531, 914190]
2075;[1029743, 1065593, 840361, 1082185, 995242]
2076;[6534178, 1082185, 981760, 1058997, 995242]
2077;[1082185, 6534166, 1106523, 832001, 982989]
2078;[1082185, 1029743, 1106523, 999971, 1053690]
2079;[1106523, 1082185, 908846, 1028816, 923746]
2080;[1082185, 995785, 8090521, 1106523, 1048483]
2082;[6534178, 995242, 1029743, 1082185, 916122]
2083;[6534178, 1070820, 1005186, 1082185, 862349]
2084;[1082185, 6534166, 862349, 981760, 860776]
2085;[6534178, 1029743, 962229, 983795, 844165]
2086;[1107553, 868764, 879755, 860776, 1082185]
2087;[860975, 1137688, 916993, 1037332, 1013187]
2088;[1029743, 893501, 1022003, 1106301, 1082185]
2089;[1126899, 847789, 12524323, 1056651, 981760]
2090;[6534178, 995242, 845109, 1098066, 923746]
2093;[1029743, 8090521, 8090537, 994928, 973861]
2094;[1082185, 1070820, 860776, 1057260, 916993]
2095;[6534178, 6533765, 1133018, 1068719, 1005186]
2097;[893501, 1106523, 6463775, 1029743, 962229]
2100;[1082185, 896617, 1133018, 1022003, 1106523]
2101;[883003, 1070820, 819978, 995242, 849843]
2102;[1021519, 1082185, 995242, 962229, 846550]
2107;[1082185, 1029743, 995242, 961554, 1018050]
2108;[1029743, 1106523, 999971, 1133018, 995242]
2109;[1033615, 981760, 997796, 8065410, 950894]
2110;[1082185, 1029743, 1026118, 1106523, 1018050]
2111;[6534178, 1058997, 1126899, 908531, 914190]
2112;[1082185, 995785, 1029743, 1037863, 6534178]
2113;[1101010, 1092026, 5568378, 889618, 5584027]
2114;[986912, 933835, 1005186, 1082185, 878996]
2115;[6534178, 1082185, 1070820, 1013321, 961554]
2116;[6534178, 1082185, 1122547, 1070820, 981760]
2117;[1082185, 1133018, 877447, 933060, 1106523]
2119;[1082185, 1027168, 961554, 962568, 840361]
2120;[480014, 6534178, 397896, 1404121, 1082185]
2121;[6534178, 1082185, 1057260, 862349, 1404121]
2122;[1082185, 951590, 891141, 1006184, 949023]
2123;[866227, 995242, 824180, 5569230, 838186]
2124;[6534178, 1082185, 1058997, 1062002, 1106523]
2125;[6534178, 1082185, 1029743, 995242, 883003]
2126;[1082185, 868764, 1107553, 8090532, 834484]
2127;[1029743, 8205218, 1126899, 983584, 1017201]
2129;[1029743, 1082185, 6534178, 995242, 1108168]
2130;[1082185, 1106523, 903325, 1133018, 834484]
2131;[1029743, 993638, 1082185, 861445, 986912]
2132;[1133018, 995242, 1082185, 879948, 1127831]
2133;[6534178, 1126899, 1082185, 840361, 1107661]
2134;[1082185, 962229, 1006573, 1051468, 1106523]
2136;[1082185, 901062, 834484, 1007269, 878996]
2137;[6534178, 995242, 1082185, 994928, 909894]
2138;[1029743, 908531, 995242, 862349, 844165]
2139;[995242, 1005186, 1029743, 989409, 933835]
2140;[862349, 1117393, 1082185, 1005186, 854852]
2141;[1082185, 1070820, 1120741, 914190, 933835]
2142;[1029743, 6632283, 5568729, 1082185, 883404]
2144;[1029743, 1033142, 1082185, 914190, 908846]
2146;[1053690, 1029743, 1106523, 849870, 904236]
2147;[1082185, 1106523, 961554, 840361, 1051516]
2148;[895930, 1133018, 981760, 1082185, 1101010]
2149;[6534166, 1082185, 1106523, 13842090, 1133018]
2153;[1092026, 1029743, 1082185, 1053690, 995242]
2154;[1082185, 1133018, 1106523, 5569374, 995785]
2156;[6534178, 1122358, 833723, 1029743, 995242]
2158;[6534178, 862349, 6533765, 981760, 873203]
2159;[1133018, 1106523, 849843, 994928, 847789]
2160;[999971, 12262778, 916122, 844179, 1070702]
2161;[1126899, 1082185, 1007269, 865156, 1055425]
2162;[6534178, 1029743, 995242, 6395907, 1110244]
2165;[834484, 1132770, 1004906, 844165, 1082185]
2168;[916381, 995785, 1044078, 8090521, 1055646]
2170;[6534178, 1037840, 995242, 1029743, 883404]
2171;[983078, 951590, 864143, 826249, 861272]
2172;[1082185, 1029743, 860776, 1070538, 1018050]
2173;[913210, 835973, 951590, 1082185, 916990]
2174;[1075368, 1126899, 961979, 914190, 6463658]
2179;[1005186, 1070015, 962568, 860776, 962229]
2181;[1082185, 1029743, 1126899, 1104343, 901776]
2182;[1005186, 1110843, 1007136, 1091365, 1108429]
2183;[6534178, 1082185, 981760, 908531, 1029743]
2184;[1106523, 1070015, 983584, 8090521, 1073150]
2185;[6534166, 5570882, 1081479, 972665, 938566]
2186;[1106523, 951590, 1082185, 1075368, 8090521]
2187;[908531, 995242, 862349, 833025, 845208]
2188;[6534178, 1106523, 1133018, 1082185, 1101010]
2189;[913210, 1029743, 834117, 1139830, 937626]
2190;[6534178, 1133018, 1082185, 908531, 826249]
2192;[1028816, 1026118, 1082185, 962568, 848071]
2193;[6534178, 1082185, 1070820, 967395, 961554]
2194;[6534178, 1082185, 995242, 962118, 995785]
2195;[1126899, 1058997, 1082185, 995242, 1036501]
2196;[1082185, 995242, 1053690, 1055646, 889731]
2197;[5569230, 1056651, 981760, 995876, 7168026]
2198;[6534178, 874736, 13842214, 995242, 844179]
2199;[6534178, 1082185, 1126899, 1029743, 916993]
2200;[6534178, 1082185, 981760, 1092026, 916122]
2203;[1029743, 1082185, 981760, 908846, 951412]
2204;[1082185, 951590, 859075, 5591038, 981760]
2206;[1029743, 857697, 826249, 1082185, 840361]
2207;[1082185, 1133018, 1124729, 915349, 850795]
2208;[1106523, 1028891, 5569230, 940947, 951590]
2209;[6534166, 1029743, 1082185, 885290, 1027874]
2211;[1082185, 1126899, 1058997, 1070820, 951102]
2213;[1082185, 1106523, 1070820, 995965, 854852]
2214;[1029743, 844165, 868764, 840361, 1104343]
2215;[1018050, 1133018, 834484, 1112205, 890695]
2216;[1070820, 1106523, 1072523, 982360, 916993]
2217;[6534178, 1082185, 862349, 923746, 840361]
2218;[1071939, 873964, 984715, 1111230, 1096036]
2221;[1082185, 1126899, 900610, 1058997, 1112825]
2222;[5569230, 995242, 870780, 951590, 1101010]
2223;[1110572, 834103, 1011300, 5572828, 900145]
2224;[1029743, 868764, 862349, 1070820, 1110843]
2225;[873887, 1082185, 1126899, 944137, 970202]
2226;[6534178, 1082185, 1106523, 822677, 1056509]
2227;[1029743, 883404, 962229, 1085604, 995242]
2229;[1082185, 862349, 880427, 981760, 1051093]
2230;[1082185, 995242, 995785, 847207, 916122]
2231;[1082185, 1126899, 981760, 995785, 944836]
2232;[868764, 1029743, 908531, 890610, 883404]
2233;[6534178, 1082185, 1058997, 828935, 834484]
2234;[1082185, 6534178, 854754, 915493, 997309]
2235;[6534166, 937292, 976199, 6533889, 1082185]
2236;[926646, 1124729, 866227, 1139830, 1103556]
2237;[1082185, 908531, 824073, 1058997, 1116821]
2238;[999971, 849843, 1133018, 1029743, 856060]
2240;[1106523, 1044188, 1022003, 1038217, 1014238]
2241;[849843, 1029743, 995242, 923746, 1053690]
2242;[1037840, 1082185, 995242, 1029743, 878445]
2243;[971922, 849843, 1029743, 938700, 873203]
2244;[1108131, 995242, 834833, 1111839, 1080414]
2245;[6534178, 1082185, 6533765, 951703, 825618]
2247;[1106523, 1044078, 872137, 916122, 1082185]
2248;[1004906, 994928, 1082185, 1055646, 827180]
2250;[908531, 1029743, 6534166, 995242, 883404]
2251;[844165, 883404, 5568378, 1106523, 8090532]
2252;[6534178, 916767, 1029743, 995242, 1082185]
2256;[1082185, 1055646, 840361, 914190, 862799]
2257;[1104349, 1106523, 1029743, 1133018, 995242]
2260;[6534178, 10285149, 10285187, 1014915, 831808]
2261;[6534178, 1106523, 1082185, 983584, 1122358]
2262;[1082185, 1019247, 862349, 919589, 1122358]
2263;[1082185, 849843, 995242, 866227, 986912]
2264;[1082185, 1126899, 860776, 10457044, 916122]
2266;[1082185, 6534178, 862349, 900802, 923789]
2267;[6534178, 1126899, 905868, 907392, 913210]
2269;[1082185, 951590, 844179, 916122, 826249]
2270;[1082185, 1005186, 857849, 831536, 953476]
2272;[1082185, 1040807, 1064213, 932006, 827656]
2273;[998373, 1029743, 923746, 1082185, 981760]
2274;[1082185, 933835, 1101010, 1009449, 1106523]
2275;[883404, 1014206, 1133072, 1044078, 916122]
2276;[1082185, 908531, 972569, 1055853, 989101]
2277;[999971, 882441, 1133018, 1106523, 1132770]
2278;[1082185, 951412, 901062, 1058997, 922127]
2279;[1053690, 844165, 883404, 12263788, 907392]
2280;[6534178, 1070820, 1093603, 1082185, 862349]
2281;[1082185, 1046756, 6534077, 911915, 995852]
2282;[1082185, 860776, 1051516, 1028816, 1070820]
2283;[1106523, 1082185, 870547, 883404, 1029743]
2284;[1082185, 981760, 1070820, 872137, 916122]
2285;[1058997, 824005, 1059891, 1082185, 961554]
2286;[1070820, 1029743, 1011645, 950557, 900072]
2287;[1029743, 1082185, 1082212, 1058997, 923746]
2288;[986912, 1082185, 861445, 1126899, 10285141]
2289;[995242, 1029743, 883404, 867188, 949616]
2290;[1029743, 1085604, 1037840, 827656, 844165]
2291;[1088835, 1111839, 938203, 1065593, 874736]
2292;[6534178, 916767, 1404121, 1132770, 882441]
2294;[1082185, 1106523, 1029743, 1109598, 883404]
2295;[6534178, 847789, 845109, 6533681, 1106523]
2296;[1029743, 981760, 1070015, 883404, 913210]
2297;[1082185, 1106523, 12731544, 1127758, 1041259]
2298;[871756, 923746, 910032, 995242, 1106523]
2299;[1082185, 6602697, 1091858, 1107089, 995785]
2300;[1029743, 995242, 1082185, 913202, 9526563]
2301;[1029743, 883404, 983584, 1110572, 910032]
2302;[995242, 1029743, 7466806, 995785, 834484]
2303;[1082185, 1029743, 1002771, 860776, 908531]
2305;[1082185, 1029743, 995242, 1069039, 6534178]
2307;[6534178, 1082185, 883003, 849843, 995242]
2309;[1106523, 1110244, 885697, 1082185, 843756]
2310;[1077975, 995242, 1070015, 1043590, 1132770]
2312;[903325, 1070820, 1082185, 916122, 874149]
2313;[1029743, 995242, 999971, 929433, 898510]
2314;[997506, 908346, 972569, 995785, 1093359]
2317;[1082185, 1029743, 933835, 1038985, 860776]
2319;[1029743, 913202, 1060269, 937791, 878234]
2321;[1029743, 1108094, 1053690, 1126895, 914190]
2322;[1082185, 1126899, 6534166, 909714, 1044259]
2323;[6534178, 6533765, 5565322, 7431990, 904236]
2324;[1082185, 1029743, 1057260, 995242, 907392]
2326;[907128, 1039781, 1044078, 883404, 983936]
2328;[1082990, 1106523, 1048257, 1082185, 1127831]
2330;[1082185, 1106523, 1070820, 901062, 7025114]
2331;[6534178, 1082185, 833025, 995242, 1029743]
2332;[860248, 1058997, 986912, 1025641, 6944571]
2333;[1029743, 983584, 862349, 839094, 859237]
2334;[1029743, 1102416, 1075368, 892573, 951590]
2335;[12302069, 1029743, 995242, 1082185, 953104]
2336;[1029743, 909396, 833025, 986760, 1106523]
2337;[1097398, 1120741, 1015539, 1067695, 1106523]
2338;[1106523, 981760, 1039156, 986912, 1058997]
2341;[844165, 1106523, 6534178, 833025, 1098284]
2342;[6534178, 995242, 1029743, 5587133, 1082185]
2343;[6534178, 995242, 1092026, 916122, 1133018]
2344;[1133018, 5569230, 8090537, 923746, 962568]
2345;[1029743, 995242, 999971, 962229, 1137346]
2346;[1029743, 916993, 914190, 923746, 1087102]
2347;[1029743, 995242, 1082185, 994928, 1133018]
2348;[10345155, 998444, 1082185, 999971, 953476]
2349;[1082185, 1070820, 7409918, 5587837, 5587502]
2351;[6534178, 995242, 1048727, 821083, 1089392]
2352;[1082185, 1133018, 981760, 909714, 1006184]
2353;[1082185, 866211, 1133018, 5569230, 914190]
2354;[6534178, 1126899, 860776, 1082185, 981760]
2355;[1003616, 960942, 1053875, 1053690, 981760]
2357;[1029743, 1033615, 849202, 971325, 7166861]
2358;[1009449, 972931, 1000753, 1058997, 961979]
2359;[6534178, 1106523, 879755, 6533765, 883404]
2360;[6534178, 1029743, 1082185, 909714, 995242]
2361;[1126899, 865511, 1057011, 981760, 821083]
2363;[834484, 1070820, 944137, 1081853, 1055646]
2364;[1082185, 962568, 916122, 1068719, 988693]
2366;[6534178, 995242, 826249, 883404, 1004906]
2367;[1001148, 1029743, 1106523, 1082185, 1015826]
2369;[6534178, 1029743, 1082185, 397896, 940766]
2370;[6533889, 6534178, 862349, 981760, 1070820]
2371;[1072523, 1082185, 1026118, 1025650, 848071]
2372;[1082185, 995242, 1029743, 987562, 1013528]
2374;[1070820, 1082185, 862349, 908531, 995785]
2375;[1036501, 849843, 899624, 1106523, 923746]
2376;[6534178, 1005186, 1091365, 1110843, 1082185]
2377;[6534178, 995242, 1082185, 989101, 861272]
2378;[1082185, 883404, 995242, 828867, 9527323]
2379;[1058997, 1082185, 1137688, 995785, 1059527]
2380;[6534178, 995242, 1029743, 1082185, 1132770]
2381;[1011645, 1133018, 1077143, 895930, 849843]
2386;[6534178, 883404, 1070015, 1082185, 1081177]
2387;[895502, 885290, 896085, 917033, 1126899]
2388;[1029743, 840361, 883404, 9859128, 878637]
2389;[1029743, 1082185, 995242, 1105623, 899624]
2392;[6534178, 6533765, 840361, 965766, 1133018]
2393;[1057260, 944836, 982989, 870515, 1082185]
2394;[861272, 1082185, 840361, 9835509, 826249]
2395;[1041157, 923746, 949294, 1132770, 5569230]
2396;[1092026, 867188, 914190, 832678, 1029743]
2398;[1137775, 910032, 1125382, 1018740, 1027168]
2400;[6534166, 6533765, 1133018, 1082185, 1085333]
2401;[1082185, 1106523, 1119051, 845208, 848029]
2402;[1106523, 1133018, 844179, 1096036, 1082185]
2404;[981760, 1053690, 1096635, 844165, 840361]
2405;[6534178, 6533765, 6602697, 995242, 936914]
2406;[1082185, 1126899, 896085, 1028891, 1053690]
2407;[6533889, 995242, 826249, 1082185, 1029743]
2408;[1029743, 1082185, 962229, 834484, 908318]
2410;[1037840, 1053690, 6534178, 893501, 1029743]
2412;[1106523, 844165, 1092026, 1133018, 1044078]
2415;[844165, 995242, 894236, 1068719, 840361]
2416;[6534178, 1058997, 5590158, 1029743, 1034176]
2418;[1029743, 1005186, 863664, 951590, 839094]
2419;[1070820, 1106523, 825994, 860248, 1002771]
2420;[6534178, 1070015, 951590, 6533765, 1043590]
2421;[1082185, 1126899, 881154, 903325, 5569471]
2423;[6534178, 1106523, 8090521, 1082185, 911974]
2424;[1082185, 916993, 860776, 970792, 908283]
2425;[6533889, 866227, 1009449, 6534178, 1029743]
2426;[6534178, 844165, 995242, 1029743, 1058404]
2427;[6534178, 1082185, 981760, 908318, 1058997]
2430;[845193, 1082185, 981760, 908531, 1110572]
2431;[849843, 1082185, 999971, 923746, 995785]
2432;[1029743, 995242, 1101010, 1092026, 1085604]
2435;[908531, 995242, 1082185, 1029743, 1105623]
2437;[1070820, 1082185, 862010, 1048257, 5570383]
2438;[5703832, 1107553, 968936, 861272, 6534178]
2440;[1106523, 6534178, 971325, 883404, 1092937]
2441;[1082185, 995242, 908531, 1029743, 840361]
2442;[1126899, 1058997, 1082185, 826249, 849843]
2445;[6534178, 879755, 995242, 1029743, 908531]
2446;[1426702, 6533889, 1044259, 962229, 962568]
2447;[1082185, 868764, 1107553, 916990, 9705473]
2448;[1106523, 1082185, 7168058, 1133018, 1054402]
2449;[1082185, 1106523, 872137, 1058997, 824005]
2450;[6534178, 1082185, 1070820, 860776, 893501]
2451;[1082185, 1076580, 1051516, 1058997, 1022254]
2452;[1106523, 985119, 834833, 1088835, 844165]
2453;[1082185, 1095275, 1070820, 1005186, 1110843]
2454;[1005186, 1037332, 1054424, 1126899, 1049735]
2455;[1029743, 983795, 883404, 1131321, 1102416]
2456;[1058997, 1126899, 951412, 7025114, 995785]
2457;[1082185, 1133018, 1106523, 840361, 901062]
2458;[1058997, 901062, 1082185, 968215, 899624]
2459;[6534178, 839849, 1029743, 995242, 6533765]
2460;[1091365, 5569230, 1005186, 1082990, 916381]
2461;[916993, 1082185, 879528, 1127831, 1022254]
2462;[961554, 901062, 1029743, 995242, 903325]
2464;[1067011, 5995423, 1404121, 1070820, 847270]
2465;[6534178, 986912, 856252, 6533765, 10344585]
2466;[1029743, 845537, 824555, 1106523, 923746]
2467;[1036501, 916767, 1126899, 1058997, 908531]
2468;[1082185, 1106523, 925514, 860703, 1133018]
2469;[1005186, 830582, 1110843, 1007136, 847982]
2470;[1039156, 906017, 7168224, 948420, 1025650]
2471;[867668, 1058997, 873654, 5588666, 935968]
2472;[981760, 1029743, 1122358, 1117059, 1033615]
2474;[1029743, 820165, 1082185, 998444, 961554]
2475;[1070820, 1082185, 7025114, 5569471, 921744]
2478;[1005186, 1082185, 1019744, 932949, 1133018]
2479;[1106523, 981760, 1040807, 951590, 1082185]
2481;[6534178, 1029743, 1082185, 1132771, 995242]
2482;[1106523, 1029743, 923746, 1092026, 1015247]
2483;[1082185, 995242, 849843, 846241, 948832]
2484;[6534178, 1029743, 873964, 883404, 995242]
2485;[995242, 893501, 883404, 927191, 1096036]
2486;[6534178, 1029743, 883404, 1082185, 870780]
2488;[6534178, 899580, 964327, 916122, 862349]
2489;[1029743, 1068719, 1048727, 12263788, 1100658]
2490;[1106523, 1017041, 844179, 849843, 939636]
2492;[6534178, 6533765, 1106523, 933835, 883404]
2494;[1082185, 849843, 840361, 862349, 1070820]
2496;[981760, 916122, 883404, 1106523, 1056509]
2497;[860776, 995785, 965719, 1066685, 896938]
2498;[1070820, 1126899, 1082185, 1053690, 1106523]
2499;[1070820, 826249, 999971, 5568378, 5570048]
2500;[6534178, 1082185, 859237, 1058997, 1065538]
